date,usd_inr_rate,interest_rate,unemployment_rate
2019-01-01,70.76,6.25,6.51
2019-01-02,70.76,6.25,6.51
2019-01-03,70.76,6.25,6.51
2019-01-04,70.76,6.25,6.51
2019-01-05,70.76,6.25,6.51
2019-01-06,70.76,6.25,6.51
2019-01-07,70.76,6.25,6.51
2019-01-08,70.76,6.25,6.51
2019-01-09,70.76,6.25,6.51
2019-01-10,70.76,6.25,6.51
2019-01-11,70.76,6.25,6.51
2019-01-12,70.76,6.25,6.51
2019-01-13,70.76,6.25,6.51
2019-01-14,70.76,6.25,6.51
2019-01-15,71.1,6.25,6.51
2019-01-16,70.98,6.25,6.51
2019-01-17,71.05,6.25,6.51
2019-01-18,71.21,6.25,6.51
2019-01-19,71.21,6.25,6.51
2019-01-20,71.21,6.25,6.51
2019-01-21,71.188,6.25,6.51
2019-01-22,71.26,6.25,6.51
2019-01-23,71.19,6.25,6.51
2019-01-24,71.0,6.25,6.51
2019-01-25,70.9,6.25,6.51
2019-01-26,70.9,6.25,6.51
2019-01-27,70.9,6.25,6.51
2019-01-28,71.07,6.25,6.51
2019-01-29,71.39,6.25,6.51
2019-01-30,71.235,6.25,6.51
2019-01-31,70.96,6.25,6.51
2019-02-01,70.96,6.25,6.51
2019-02-02,70.96,6.25,6.51
2019-02-03,70.96,6.25,6.51
2019-02-04,70.96,6.25,6.51
2019-02-05,70.96,6.25,6.51
2019-02-06,70.96,6.25,6.51
2019-02-07,70.96,6.25,6.51
2019-02-08,70.96,6.25,6.51
2019-02-09,70.96,6.25,6.51
2019-02-10,70.96,6.25,6.51
2019-02-11,70.96,6.25,6.51
2019-02-12,70.96,6.25,6.51
2019-02-13,70.875,6.25,6.51
2019-02-14,71.02,6.25,6.51
2019-02-15,71.33,6.25,6.51
2019-02-16,71.33,6.25,6.51
2019-02-17,71.33,6.25,6.51
2019-02-18,71.387,6.25,6.51
2019-02-19,71.3,6.25,6.51
2019-02-20,71.01,6.25,6.51
2019-02-21,71.165,6.25,6.51
2019-02-22,71.035,6.25,6.51
2019-02-23,71.035,6.25,6.51
2019-02-24,71.035,6.25,6.51
2019-02-25,70.834,6.25,6.51
2019-02-26,70.96,6.25,6.51
2019-02-27,71.2,6.25,6.51
2019-02-28,70.84,6.25,6.51
2019-03-01,70.84,6.25,6.51
2019-03-02,70.84,6.25,6.51
2019-03-03,70.84,6.25,6.51
2019-03-04,70.84,6.25,6.51
2019-03-05,70.84,6.25,6.51
2019-03-06,70.84,6.25,6.51
2019-03-07,70.84,6.25,6.51
2019-03-08,70.84,6.25,6.51
2019-03-09,70.84,6.25,6.51
2019-03-10,70.84,6.25,6.51
2019-03-11,70.84,6.25,6.51
2019-03-12,70.84,6.25,6.51
2019-03-13,69.529,6.25,6.51
2019-03-14,69.365,6.25,6.51
2019-03-15,68.963,6.25,6.51
2019-03-16,68.963,6.25,6.51
2019-03-17,68.963,6.25,6.51
2019-03-18,68.625,6.25,6.51
2019-03-19,69.015,6.25,6.51
2019-03-20,68.79,6.25,6.51
2019-03-21,68.81,6.25,6.51
2019-03-22,69.17,6.25,6.51
2019-03-23,69.17,6.25,6.51
2019-03-24,69.17,6.25,6.51
2019-03-25,68.89,6.25,6.51
2019-03-26,68.996,6.25,6.51
2019-03-27,69.1,6.25,6.51
2019-03-28,69.19,6.25,6.51
2019-03-29,69.185,6.25,6.51
2019-03-30,69.185,6.25,6.51
2019-03-31,69.185,6.25,6.51
2019-04-01,69.185,6.25,6.51
2019-04-02,69.185,6.25,6.51
2019-04-03,69.185,6.25,6.51
2019-04-04,69.185,6.0,6.51
2019-04-05,69.185,6.0,6.51
2019-04-06,69.185,6.0,6.51
2019-04-07,69.185,6.0,6.51
2019-04-08,69.185,6.0,6.51
2019-04-09,69.185,6.0,6.51
2019-04-10,69.185,6.0,6.51
2019-04-11,69.185,6.0,6.51
2019-04-12,69.185,6.0,6.51
2019-04-13,69.185,6.0,6.51
2019-04-14,69.185,6.0,6.51
2019-04-15,69.395,6.0,6.51
2019-04-16,69.53,6.0,6.51
2019-04-17,69.431,6.0,6.51
2019-04-18,69.395,6.0,6.51
2019-04-19,69.407,6.0,6.51
2019-04-20,69.407,6.0,6.51
2019-04-21,69.407,6.0,6.51
2019-04-22,69.7,6.0,6.51
2019-04-23,69.77,6.0,6.51
2019-04-24,69.96,6.0,6.51
2019-04-25,70.17,6.0,6.51
2019-04-26,69.85,6.0,6.51
2019-04-27,69.85,6.0,6.51
2019-04-28,69.85,6.0,6.51
2019-04-29,69.817,6.0,6.51
2019-04-30,69.647,6.0,6.51
2019-05-01,69.647,6.0,6.51
2019-05-02,69.647,6.0,6.51
2019-05-03,69.647,6.0,6.51
2019-05-04,69.647,6.0,6.51
2019-05-05,69.647,6.0,6.51
2019-05-06,69.647,6.0,6.51
2019-05-07,69.647,6.0,6.51
2019-05-08,69.647,6.0,6.51
2019-05-09,69.647,6.0,6.51
2019-05-10,69.647,6.0,6.51
2019-05-11,69.647,6.0,6.51
2019-05-12,69.647,6.0,6.51
2019-05-13,70.57,6.0,6.51
2019-05-14,70.332,6.0,6.51
2019-05-15,70.249,6.0,6.51
2019-05-16,70.13,6.0,6.51
2019-05-17,70.28,6.0,6.51
2019-05-18,70.28,6.0,6.51
2019-05-19,70.28,6.0,6.51
2019-05-20,69.609,6.0,6.51
2019-05-21,69.645,6.0,6.51
2019-05-22,69.65,6.0,6.51
2019-05-23,69.665,6.0,6.51
2019-05-24,69.38,6.0,6.51
2019-05-25,69.38,6.0,6.51
2019-05-26,69.38,6.0,6.51
2019-05-27,69.504,6.0,6.51
2019-05-28,69.61,6.0,6.51
2019-05-29,69.845,6.0,6.51
2019-05-30,69.825,6.0,6.51
2019-05-31,69.58,6.0,6.51
2019-06-01,69.58,6.0,6.51
2019-06-02,69.58,6.0,6.51
2019-06-03,69.58,6.0,6.51
2019-06-04,69.58,6.0,6.51
2019-06-05,69.58,6.0,6.51
2019-06-06,69.58,5.75,6.51
2019-06-07,69.58,5.75,6.51
2019-06-08,69.58,5.75,6.51
2019-06-09,69.58,5.75,6.51
2019-06-10,69.58,5.75,6.51
2019-06-11,69.58,5.75,6.51
2019-06-12,69.58,5.75,6.51
2019-06-13,69.53,5.75,6.51
2019-06-14,69.833,5.75,6.51
2019-06-15,69.833,5.75,6.51
2019-06-16,69.833,5.75,6.51
2019-06-17,69.85,5.75,6.51
2019-06-18,69.61,5.75,6.51
2019-06-19,69.65,5.75,6.51
2019-06-20,69.52,5.75,6.51
2019-06-21,69.615,5.75,6.51
2019-06-22,69.615,5.75,6.51
2019-06-23,69.615,5.75,6.51
2019-06-24,69.273,5.75,6.51
2019-06-25,69.334,5.75,6.51
2019-06-26,69.245,5.75,6.51
2019-06-27,69.088,5.75,6.51
2019-06-28,68.95,5.75,6.51
2019-06-29,68.95,5.75,6.51
2019-06-30,68.95,5.75,6.51
2019-07-01,68.95,5.75,6.51
2019-07-02,68.95,5.75,6.51
2019-07-03,68.95,5.75,6.51
2019-07-04,68.95,5.75,6.51
2019-07-05,68.95,5.75,6.51
2019-07-06,68.95,5.75,6.51
2019-07-07,68.95,5.75,6.51
2019-07-08,68.95,5.75,6.51
2019-07-09,68.95,5.75,6.51
2019-07-10,68.95,5.75,6.51
2019-07-11,68.95,5.75,6.51
2019-07-12,68.95,5.75,6.51
2019-07-13,68.95,5.75,6.51
2019-07-14,68.95,5.75,6.51
2019-07-15,68.545,5.75,6.51
2019-07-16,68.65,5.75,6.51
2019-07-17,68.846,5.75,6.51
2019-07-18,68.855,5.75,6.51
2019-07-19,68.86,5.75,6.51
2019-07-20,68.86,5.75,6.51
2019-07-21,68.86,5.75,6.51
2019-07-22,68.93,5.75,6.51
2019-07-23,69.033,5.75,6.51
2019-07-24,68.98,5.75,6.51
2019-07-25,69.041,5.75,6.51
2019-07-26,68.88,5.75,6.51
2019-07-27,68.88,5.75,6.51
2019-07-28,68.88,5.75,6.51
2019-07-29,68.755,5.75,6.51
2019-07-30,68.862,5.75,6.51
2019-07-31,68.875,5.75,6.51
2019-08-01,68.875,5.75,6.51
2019-08-02,68.875,5.75,6.51
2019-08-03,68.875,5.75,6.51
2019-08-04,68.875,5.75,6.51
2019-08-05,68.875,5.75,6.51
2019-08-06,68.875,5.75,6.51
2019-08-07,68.875,5.4,6.51
2019-08-08,68.875,5.4,6.51
2019-08-09,68.875,5.4,6.51
2019-08-10,68.875,5.4,6.51
2019-08-11,68.875,5.4,6.51
2019-08-12,68.875,5.4,6.51
2019-08-13,71.418,5.4,6.51
2019-08-14,71.275,5.4,6.51
2019-08-15,71.81,5.4,6.51
2019-08-16,71.155,5.4,6.51
2019-08-17,71.155,5.4,6.51
2019-08-18,71.155,5.4,6.51
2019-08-19,71.451,5.4,6.51
2019-08-20,71.549,5.4,6.51
2019-08-21,71.44,5.4,6.51
2019-08-22,71.93,5.4,6.51
2019-08-23,71.513,5.4,6.51
2019-08-24,71.513,5.4,6.51
2019-08-25,71.513,5.4,6.51
2019-08-26,72.025,5.4,6.51
2019-08-27,71.543,5.4,6.51
2019-08-28,71.829,5.4,6.51
2019-08-29,71.69,5.4,6.51
2019-08-30,71.453,5.4,6.51
2019-08-31,71.453,5.4,6.51
2019-09-01,71.453,5.4,6.51
2019-09-02,71.453,5.4,6.51
2019-09-03,71.453,5.4,6.51
2019-09-04,71.453,5.4,6.51
2019-09-05,71.453,5.4,6.51
2019-09-06,71.453,5.4,6.51
2019-09-07,71.453,5.4,6.51
2019-09-08,71.453,5.4,6.51
2019-09-09,71.453,5.4,6.51
2019-09-10,71.453,5.4,6.51
2019-09-11,71.453,5.4,6.51
2019-09-12,71.453,5.4,6.51
2019-09-13,70.985,5.4,6.51
2019-09-14,70.985,5.4,6.51
2019-09-15,70.985,5.4,6.51
2019-09-16,71.58,5.4,6.51
2019-09-17,71.49,5.4,6.51
2019-09-18,71.145,5.4,6.51
2019-09-19,71.375,5.4,6.51
2019-09-20,71.075,5.4,6.51
2019-09-21,71.075,5.4,6.51
2019-09-22,71.075,5.4,6.51
2019-09-23,70.799,5.4,6.51
2019-09-24,70.971,5.4,6.51
2019-09-25,70.988,5.4,6.51
2019-09-26,70.964,5.4,6.51
2019-09-27,70.509,5.4,6.51
2019-09-28,70.509,5.4,6.51
2019-09-29,70.509,5.4,6.51
2019-09-30,70.645,5.4,6.51
2019-10-01,70.645,5.4,6.51
2019-10-02,70.645,5.4,6.51
2019-10-03,70.645,5.4,6.51
2019-10-04,70.645,5.15,6.51
2019-10-05,70.645,5.15,6.51
2019-10-06,70.645,5.15,6.51
2019-10-07,70.645,5.15,6.51
2019-10-08,70.645,5.15,6.51
2019-10-09,70.645,5.15,6.51
2019-10-10,70.645,5.15,6.51
2019-10-11,70.645,5.15,6.51
2019-10-12,70.645,5.15,6.51
2019-10-13,70.645,5.15,6.51
2019-10-14,71.237,5.15,6.51
2019-10-15,71.5,5.15,6.51
2019-10-16,71.364,5.15,6.51
2019-10-17,71.13,5.15,6.51
2019-10-18,71.09,5.15,6.51
2019-10-19,71.09,5.15,6.51
2019-10-20,71.09,5.15,6.51
2019-10-21,70.925,5.15,6.51
2019-10-22,70.81,5.15,6.51
2019-10-23,70.725,5.15,6.51
2019-10-24,70.965,5.15,6.51
2019-10-25,70.82,5.15,6.51
2019-10-26,70.82,5.15,6.51
2019-10-27,70.82,5.15,6.51
2019-10-28,70.745,5.15,6.51
2019-10-29,70.89,5.15,6.51
2019-10-30,70.952,5.15,6.51
2019-10-31,70.98,5.15,6.51
2019-11-01,70.98,5.15,6.51
2019-11-02,70.98,5.15,6.51
2019-11-03,70.98,5.15,6.51
2019-11-04,70.98,5.15,6.51
2019-11-05,70.98,5.15,6.51
2019-11-06,70.98,5.15,6.51
2019-11-07,70.98,5.15,6.51
2019-11-08,70.98,5.15,6.51
2019-11-09,70.98,5.15,6.51
2019-11-10,70.98,5.15,6.51
2019-11-11,70.98,5.15,6.51
2019-11-12,70.98,5.15,6.51
2019-11-13,72.15,5.15,6.51
2019-11-14,71.966,5.15,6.51
2019-11-15,71.65,5.15,6.51
2019-11-16,71.65,5.15,6.51
2019-11-17,71.65,5.15,6.51
2019-11-18,71.945,5.15,6.51
2019-11-19,71.83,5.15,6.51
2019-11-20,71.746,5.15,6.51
2019-11-21,71.75,5.15,6.51
2019-11-22,71.792,5.15,6.51
2019-11-23,71.792,5.15,6.51
2019-11-24,71.792,5.15,6.51
2019-11-25,71.689,5.15,6.51
2019-11-26,71.48,5.15,6.51
2019-11-27,71.26,5.15,6.51
2019-11-28,71.505,5.15,6.51
2019-11-29,71.749,5.15,6.51
2019-11-30,71.749,5.15,6.51
2019-12-01,71.749,5.15,6.51
2019-12-02,71.749,5.15,6.51
2019-12-03,71.749,5.15,6.51
2019-12-04,71.749,5.15,6.51
2019-12-05,71.749,5.15,6.51
2019-12-06,71.749,5.15,6.51
2019-12-07,71.749,5.15,6.51
2019-12-08,71.749,5.15,6.51
2019-12-09,71.749,5.15,6.51
2019-12-10,71.749,5.15,6.51
2019-12-11,71.749,5.15,6.51
2019-12-12,71.749,5.15,6.51
2019-12-13,70.798,5.15,6.51
2019-12-14,70.798,5.15,6.51
2019-12-15,70.798,5.15,6.51
2019-12-16,70.915,5.15,6.51
2019-12-17,71.035,5.15,6.51
2019-12-18,71.0,5.15,6.51
2019-12-19,71.18,5.15,6.51
2019-12-20,71.06,5.15,6.51
2019-12-21,71.06,5.15,6.51
2019-12-22,71.06,5.15,6.51
2019-12-23,71.22,5.15,6.51
2019-12-24,71.28,5.15,6.51
2019-12-25,71.28,5.15,6.51
2019-12-26,71.3,5.15,6.51
2019-12-27,71.455,5.15,6.51
2019-12-28,71.455,5.15,6.51
2019-12-29,71.455,5.15,6.51
2019-12-30,71.32,5.15,6.51
2019-12-31,71.355,5.15,6.51
2020-01-01,71.355,5.15,7.859
2020-01-02,71.355,5.15,7.859
2020-01-03,71.355,5.15,7.859
2020-01-04,71.355,5.15,7.859
2020-01-05,71.355,5.15,7.859
2020-01-06,71.355,5.15,7.859
2020-01-07,71.355,5.15,7.859
2020-01-08,71.355,5.15,7.859
2020-01-09,71.355,5.15,7.859
2020-01-10,71.355,5.15,7.859
2020-01-11,71.355,5.15,7.859
2020-01-12,71.355,5.15,7.859
2020-01-13,70.71,5.15,7.859
2020-01-14,70.85,5.15,7.859
2020-01-15,70.72,5.15,7.859
2020-01-16,70.978,5.15,7.859
2020-01-17,71.079,5.15,7.859
2020-01-18,71.079,5.15,7.859
2020-01-19,71.079,5.15,7.859
2020-01-20,71.04,5.15,7.859
2020-01-21,71.17,5.15,7.859
2020-01-22,71.08,5.15,7.859
2020-01-23,71.4,5.15,7.859
2020-01-24,71.33,5.15,7.859
2020-01-25,71.33,5.15,7.859
2020-01-26,71.33,5.15,7.859
2020-01-27,71.45,5.15,7.859
2020-01-28,71.2,5.15,7.859
2020-01-29,71.31,5.15,7.859
2020-01-30,71.55,5.15,7.859
2020-01-31,71.555,5.15,7.859
2020-02-01,71.555,5.15,7.859
2020-02-02,71.555,5.15,7.859
2020-02-03,71.555,5.15,7.859
2020-02-04,71.555,5.15,7.859
2020-02-05,71.555,5.15,7.859
2020-02-06,71.555,5.15,7.859
2020-02-07,71.555,5.15,7.859
2020-02-08,71.555,5.15,7.859
2020-02-09,71.555,5.15,7.859
2020-02-10,71.555,5.15,7.859
2020-02-11,71.555,5.15,7.859
2020-02-12,71.555,5.15,7.859
2020-02-13,71.33,5.15,7.859
2020-02-14,71.529,5.15,7.859
2020-02-15,71.529,5.15,7.859
2020-02-16,71.529,5.15,7.859
2020-02-17,71.34,5.15,7.859
2020-02-18,71.585,5.15,7.859
2020-02-19,71.6,5.15,7.859
2020-02-20,71.68,5.15,7.859
2020-02-21,71.88,5.15,7.859
2020-02-22,71.88,5.15,7.859
2020-02-23,71.88,5.15,7.859
2020-02-24,71.935,5.15,7.859
2020-02-25,71.82,5.15,7.859
2020-02-26,71.58,5.15,7.859
2020-02-27,71.655,5.15,7.859
2020-02-28,72.539,5.15,7.859
2020-02-29,72.539,5.15,7.859
2020-03-01,72.539,5.15,7.859
2020-03-02,72.539,5.15,7.859
2020-03-03,72.539,5.15,7.859
2020-03-04,72.539,5.15,7.859
2020-03-05,72.539,5.15,7.859
2020-03-06,72.539,5.15,7.859
2020-03-07,72.539,5.15,7.859
2020-03-08,72.539,5.15,7.859
2020-03-09,72.539,5.15,7.859
2020-03-10,72.539,5.15,7.859
2020-03-11,72.539,5.15,7.859
2020-03-12,72.539,5.15,7.859
2020-03-13,73.84,5.15,7.859
2020-03-14,73.84,5.15,7.859
2020-03-15,73.84,5.15,7.859
2020-03-16,74.003,5.15,7.859
2020-03-17,74.062,5.15,7.859
2020-03-18,74.55,5.15,7.859
2020-03-19,74.786,5.15,7.859
2020-03-20,75.399,5.15,7.859
2020-03-21,75.399,5.15,7.859
2020-03-22,75.399,5.15,7.859
2020-03-23,76.335,5.15,7.859
2020-03-24,76.379,5.15,7.859
2020-03-25,76.375,5.15,7.859
2020-03-26,74.889,5.15,7.859
2020-03-27,75.472,4.4,7.859
2020-03-28,75.472,4.4,7.859
2020-03-29,75.472,4.4,7.859
2020-03-30,75.41,4.4,7.859
2020-03-31,75.343,4.4,7.859
2020-04-01,75.343,4.4,7.859
2020-04-02,75.343,4.4,7.859
2020-04-03,75.343,4.4,7.859
2020-04-04,75.343,4.4,7.859
2020-04-05,75.343,4.4,7.859
2020-04-06,75.343,4.4,7.859
2020-04-07,75.343,4.4,7.859
2020-04-08,75.343,4.4,7.859
2020-04-09,75.343,4.4,7.859
2020-04-10,75.343,4.4,7.859
2020-04-11,75.343,4.4,7.859
2020-04-12,75.343,4.4,7.859
2020-04-13,76.249,4.4,7.859
2020-04-14,76.015,4.4,7.859
2020-04-15,76.564,4.4,7.859
2020-04-16,76.805,4.4,7.859
2020-04-17,76.55,4.4,7.859
2020-04-18,76.55,4.4,7.859
2020-04-19,76.55,4.4,7.859
2020-04-20,76.575,4.4,7.859
2020-04-21,76.975,4.4,7.859
2020-04-22,76.41,4.4,7.859
2020-04-23,75.895,4.4,7.859
2020-04-24,76.27,4.4,7.859
2020-04-25,76.27,4.4,7.859
2020-04-26,76.27,4.4,7.859
2020-04-27,76.229,4.4,7.859
2020-04-28,76.065,4.4,7.859
2020-04-29,75.455,4.4,7.859
2020-04-30,75.08,4.4,7.859
2020-05-01,75.08,4.4,7.859
2020-05-02,75.08,4.4,7.859
2020-05-03,75.08,4.4,7.859
2020-05-04,75.08,4.4,7.859
2020-05-05,75.08,4.4,7.859
2020-05-06,75.08,4.4,7.859
2020-05-07,75.08,4.4,7.859
2020-05-08,75.08,4.4,7.859
2020-05-09,75.08,4.4,7.859
2020-05-10,75.08,4.4,7.859
2020-05-11,75.08,4.4,7.859
2020-05-12,75.08,4.4,7.859
2020-05-13,75.365,4.4,7.859
2020-05-14,75.495,4.4,7.859
2020-05-15,75.83,4.4,7.859
2020-05-16,75.83,4.4,7.859
2020-05-17,75.83,4.4,7.859
2020-05-18,75.7,4.4,7.859
2020-05-19,75.645,4.4,7.859
2020-05-20,75.555,4.4,7.859
2020-05-21,75.62,4.4,7.859
2020-05-22,75.95,4.0,7.859
2020-05-23,75.95,4.0,7.859
2020-05-24,75.95,4.0,7.859
2020-05-25,75.887,4.0,7.859
2020-05-26,75.459,4.0,7.859
2020-05-27,75.92,4.0,7.859
2020-05-28,75.66,4.0,7.859
2020-05-29,75.605,4.0,7.859
2020-05-30,75.605,4.0,7.859
2020-05-31,75.605,4.0,7.859
2020-06-01,75.605,4.0,7.859
2020-06-02,75.605,4.0,7.859
2020-06-03,75.605,4.0,7.859
2020-06-04,75.605,4.0,7.859
2020-06-05,75.605,4.0,7.859
2020-06-06,75.605,4.0,7.859
2020-06-07,75.605,4.0,7.859
2020-06-08,75.605,4.0,7.859
2020-06-09,75.605,4.0,7.859
2020-06-10,75.605,4.0,7.859
2020-06-11,75.605,4.0,7.859
2020-06-12,75.605,4.0,7.859
2020-06-13,75.605,4.0,7.859
2020-06-14,75.605,4.0,7.859
2020-06-15,75.979,4.0,7.859
2020-06-16,76.25,4.0,7.859
2020-06-17,76.29,4.0,7.859
2020-06-18,76.4,4.0,7.859
2020-06-19,76.26,4.0,7.859
2020-06-20,76.26,4.0,7.859
2020-06-21,76.26,4.0,7.859
2020-06-22,75.79,4.0,7.859
2020-06-23,75.503,4.0,7.859
2020-06-24,75.665,4.0,7.859
2020-06-25,75.587,4.0,7.859
2020-06-26,75.62,4.0,7.859
2020-06-27,75.62,4.0,7.859
2020-06-28,75.62,4.0,7.859
2020-06-29,75.51,4.0,7.859
2020-06-30,75.545,4.0,7.859
2020-07-01,75.545,4.0,7.859
2020-07-02,75.545,4.0,7.859
2020-07-03,75.545,4.0,7.859
2020-07-04,75.545,4.0,7.859
2020-07-05,75.545,4.0,7.859
2020-07-06,75.545,4.0,7.859
2020-07-07,75.545,4.0,7.859
2020-07-08,75.545,4.0,7.859
2020-07-09,75.545,4.0,7.859
2020-07-10,75.545,4.0,7.859
2020-07-11,75.545,4.0,7.859
2020-07-12,75.545,4.0,7.859
2020-07-13,75.212,4.0,7.859
2020-07-14,75.406,4.0,7.859
2020-07-15,75.125,4.0,7.859
2020-07-16,75.18,4.0,7.859
2020-07-17,74.898,4.0,7.859
2020-07-18,74.898,4.0,7.859
2020-07-19,74.898,4.0,7.859
2020-07-20,74.75,4.0,7.859
2020-07-21,74.54,4.0,7.859
2020-07-22,74.61,4.0,7.859
2020-07-23,74.815,4.0,7.859
2020-07-24,74.76,4.0,7.859
2020-07-25,74.76,4.0,7.859
2020-07-26,74.76,4.0,7.859
2020-07-27,74.8,4.0,7.859
2020-07-28,74.909,4.0,7.859
2020-07-29,74.948,4.0,7.859
2020-07-30,74.876,4.0,7.859
2020-07-31,74.918,4.0,7.859
2020-08-01,74.918,4.0,7.859
2020-08-02,74.918,4.0,7.859
2020-08-03,74.918,4.0,7.859
2020-08-04,74.918,4.0,7.859
2020-08-05,74.918,4.0,7.859
2020-08-06,74.918,4.0,7.859
2020-08-07,74.918,4.0,7.859
2020-08-08,74.918,4.0,7.859
2020-08-09,74.918,4.0,7.859
2020-08-10,74.918,4.0,7.859
2020-08-11,74.918,4.0,7.859
2020-08-12,74.918,4.0,7.859
2020-08-13,74.812,4.0,7.859
2020-08-14,74.903,4.0,7.859
2020-08-15,74.903,4.0,7.859
2020-08-16,74.903,4.0,7.859
2020-08-17,74.744,4.0,7.859
2020-08-18,74.575,4.0,7.859
2020-08-19,74.847,4.0,7.859
2020-08-20,75.013,4.0,7.859
2020-08-21,74.922,4.0,7.859
2020-08-22,74.922,4.0,7.859
2020-08-23,74.922,4.0,7.859
2020-08-24,74.169,4.0,7.859
2020-08-25,74.223,4.0,7.859
2020-08-26,74.222,4.0,7.859
2020-08-27,73.904,4.0,7.859
2020-08-28,73.115,4.0,7.859
2020-08-29,73.115,4.0,7.859
2020-08-30,73.115,4.0,7.859
2020-08-31,73.257,4.0,7.859
2020-09-01,73.257,4.0,7.859
2020-09-02,73.257,4.0,7.859
2020-09-03,73.257,4.0,7.859
2020-09-04,73.257,4.0,7.859
2020-09-05,73.257,4.0,7.859
2020-09-06,73.257,4.0,7.859
2020-09-07,73.257,4.0,7.859
2020-09-08,73.257,4.0,7.859
2020-09-09,73.257,4.0,7.859
2020-09-10,73.257,4.0,7.859
2020-09-11,73.257,4.0,7.859
2020-09-12,73.257,4.0,7.859
2020-09-13,73.257,4.0,7.859
2020-09-14,73.385,4.0,7.859
2020-09-15,73.61,4.0,7.859
2020-09-16,73.545,4.0,7.859
2020-09-17,73.61,4.0,7.859
2020-09-18,73.54,4.0,7.859
2020-09-19,73.54,4.0,7.859
2020-09-20,73.54,4.0,7.859
2020-09-21,73.58,4.0,7.859
2020-09-22,73.52,4.0,7.859
2020-09-23,73.58,4.0,7.859
2020-09-24,73.91,4.0,7.859
2020-09-25,73.685,4.0,7.859
2020-09-26,73.685,4.0,7.859
2020-09-27,73.685,4.0,7.859
2020-09-28,73.765,4.0,7.859
2020-09-29,73.76,4.0,7.859
2020-09-30,73.57,4.0,7.859
2020-10-01,73.57,4.0,7.859
2020-10-02,73.57,4.0,7.859
2020-10-03,73.57,4.0,7.859
2020-10-04,73.57,4.0,7.859
2020-10-05,73.57,4.0,7.859
2020-10-06,73.57,4.0,7.859
2020-10-07,73.57,4.0,7.859
2020-10-08,73.57,4.0,7.859
2020-10-09,73.57,4.0,7.859
2020-10-10,73.57,4.0,7.859
2020-10-11,73.57,4.0,7.859
2020-10-12,73.57,4.0,7.859
2020-10-13,73.41,4.0,7.859
2020-10-14,73.255,4.0,7.859
2020-10-15,73.435,4.0,7.859
2020-10-16,73.444,4.0,7.859
2020-10-17,73.444,4.0,7.859
2020-10-18,73.444,4.0,7.859
2020-10-19,73.36,4.0,7.859
2020-10-20,73.45,4.0,7.859
2020-10-21,73.6,4.0,7.859
2020-10-22,73.67,4.0,7.859
2020-10-23,73.842,4.0,7.859
2020-10-24,73.842,4.0,7.859
2020-10-25,73.842,4.0,7.859
2020-10-26,73.97,4.0,7.859
2020-10-27,73.624,4.0,7.859
2020-10-28,74.19,4.0,7.859
2020-10-29,74.38,4.0,7.859
2020-10-30,74.567,4.0,7.859
2020-10-31,74.567,4.0,7.859
2020-11-01,74.567,4.0,7.859
2020-11-02,74.567,4.0,7.859
2020-11-03,74.567,4.0,7.859
2020-11-04,74.567,4.0,7.859
2020-11-05,74.567,4.0,7.859
2020-11-06,74.567,4.0,7.859
2020-11-07,74.567,4.0,7.859
2020-11-08,74.567,4.0,7.859
2020-11-09,74.567,4.0,7.859
2020-11-10,74.567,4.0,7.859
2020-11-11,74.567,4.0,7.859
2020-11-12,74.567,4.0,7.859
2020-11-13,74.582,4.0,7.859
2020-11-14,74.582,4.0,7.859
2020-11-15,74.582,4.0,7.859
2020-11-16,74.38,4.0,7.859
2020-11-17,74.48,4.0,7.859
2020-11-18,74.12,4.0,7.859
2020-11-19,74.11,4.0,7.859
2020-11-20,74.12,4.0,7.859
2020-11-21,74.12,4.0,7.859
2020-11-22,74.12,4.0,7.859
2020-11-23,74.26,4.0,7.859
2020-11-24,74.079,4.0,7.859
2020-11-25,73.789,4.0,7.859
2020-11-26,73.837,4.0,7.859
2020-11-27,73.935,4.0,7.859
2020-11-28,73.935,4.0,7.859
2020-11-29,73.935,4.0,7.859
2020-11-30,74.0,4.0,7.859
2020-12-01,74.0,4.0,7.859
2020-12-02,74.0,4.0,7.859
2020-12-03,74.0,4.0,7.859
2020-12-04,74.0,4.0,7.859
2020-12-05,74.0,4.0,7.859
2020-12-06,74.0,4.0,7.859
2020-12-07,74.0,4.0,7.859
2020-12-08,74.0,4.0,7.859
2020-12-09,74.0,4.0,7.859
2020-12-10,74.0,4.0,7.859
2020-12-11,74.0,4.0,7.859
2020-12-12,74.0,4.0,7.859
2020-12-13,74.0,4.0,7.859
2020-12-14,73.64,4.0,7.859
2020-12-15,73.558,4.0,7.859
2020-12-16,73.64,4.0,7.859
2020-12-17,73.525,4.0,7.859
2020-12-18,73.575,4.0,7.859
2020-12-19,73.575,4.0,7.859
2020-12-20,73.575,4.0,7.859
2020-12-21,74.028,4.0,7.859
2020-12-22,73.854,4.0,7.859
2020-12-23,73.78,4.0,7.859
2020-12-24,73.555,4.0,7.859
2020-12-25,73.558,4.0,7.859
2020-12-26,73.558,4.0,7.859
2020-12-27,73.558,4.0,7.859
2020-12-28,73.548,4.0,7.859
2020-12-29,73.405,4.0,7.859
2020-12-30,73.144,4.0,7.859
2020-12-31,73.054,4.0,7.859
2021-01-01,73.054,4.0,6.38
2021-01-02,73.054,4.0,6.38
2021-01-03,73.054,4.0,6.38
2021-01-04,73.054,4.0,6.38
2021-01-05,73.054,4.0,6.38
2021-01-06,73.054,4.0,6.38
2021-01-07,73.054,4.0,6.38
2021-01-08,73.054,4.0,6.38
2021-01-09,73.054,4.0,6.38
2021-01-10,73.054,4.0,6.38
2021-01-11,73.054,4.0,6.38
2021-01-12,73.054,4.0,6.38
2021-01-13,73.17,4.0,6.38
2021-01-14,73.08,4.0,6.38
2021-01-15,73.13,4.0,6.38
2021-01-16,73.13,4.0,6.38
2021-01-17,73.13,4.0,6.38
2021-01-18,73.188,4.0,6.38
2021-01-19,73.192,4.0,6.38
2021-01-20,72.915,4.0,6.38
2021-01-21,72.97,4.0,6.38
2021-01-22,72.985,4.0,6.38
2021-01-23,72.985,4.0,6.38
2021-01-24,72.985,4.0,6.38
2021-01-25,72.97,4.0,6.38
2021-01-26,72.915,4.0,6.38
2021-01-27,73.07,4.0,6.38
2021-01-28,72.944,4.0,6.38
2021-01-29,72.906,4.0,6.38
2021-01-30,72.906,4.0,6.38
2021-01-31,72.906,4.0,6.38
2021-02-01,72.906,4.0,6.38
2021-02-02,72.906,4.0,6.38
2021-02-03,72.906,4.0,6.38
2021-02-04,72.906,4.0,6.38
2021-02-05,72.906,4.0,6.38
2021-02-06,72.906,4.0,6.38
2021-02-07,72.906,4.0,6.38
2021-02-08,72.906,4.0,6.38
2021-02-09,72.906,4.0,6.38
2021-02-10,72.906,4.0,6.38
2021-02-11,72.906,4.0,6.38
2021-02-12,72.906,4.0,6.38
2021-02-13,72.906,4.0,6.38
2021-02-14,72.906,4.0,6.38
2021-02-15,72.624,4.0,6.38
2021-02-16,72.87,4.0,6.38
2021-02-17,72.835,4.0,6.38
2021-02-18,72.585,4.0,6.38
2021-02-19,72.56,4.0,6.38
2021-02-20,72.56,4.0,6.38
2021-02-21,72.56,4.0,6.38
2021-02-22,72.45,4.0,6.38
2021-02-23,72.382,4.0,6.38
2021-02-24,72.39,4.0,6.38
2021-02-25,72.745,4.0,6.38
2021-02-26,73.937,4.0,6.38
2021-02-27,73.937,4.0,6.38
2021-02-28,73.937,4.0,6.38
2021-03-01,73.937,4.0,6.38
2021-03-02,73.937,4.0,6.38
2021-03-03,73.937,4.0,6.38
2021-03-04,73.937,4.0,6.38
2021-03-05,73.937,4.0,6.38
2021-03-06,73.937,4.0,6.38
2021-03-07,73.937,4.0,6.38
2021-03-08,73.937,4.0,6.38
2021-03-09,73.937,4.0,6.38
2021-03-10,73.937,4.0,6.38
2021-03-11,73.937,4.0,6.38
2021-03-12,73.937,4.0,6.38
2021-03-13,73.937,4.0,6.38
2021-03-14,73.937,4.0,6.38
2021-03-15,72.535,4.0,6.38
2021-03-16,72.515,4.0,6.38
2021-03-17,72.57,4.0,6.38
2021-03-18,72.7,4.0,6.38
2021-03-19,72.413,4.0,6.38
2021-03-20,72.413,4.0,6.38
2021-03-21,72.413,4.0,6.38
2021-03-22,72.38,4.0,6.38
2021-03-23,72.555,4.0,6.38
2021-03-24,72.595,4.0,6.38
2021-03-25,72.665,4.0,6.38
2021-03-26,72.615,4.0,6.38
2021-03-27,72.615,4.0,6.38
2021-03-28,72.615,4.0,6.38
2021-03-29,72.755,4.0,6.38
2021-03-30,73.445,4.0,6.38
2021-03-31,73.148,4.0,6.38
2021-04-01,73.148,4.0,6.38
2021-04-02,73.148,4.0,6.38
2021-04-03,73.148,4.0,6.38
2021-04-04,73.148,4.0,6.38
2021-04-05,73.148,4.0,6.38
2021-04-06,73.148,4.0,6.38
2021-04-07,73.148,4.0,6.38
2021-04-08,73.148,4.0,6.38
2021-04-09,73.148,4.0,6.38
2021-04-10,73.148,4.0,6.38
2021-04-11,73.148,4.0,6.38
2021-04-12,73.148,4.0,6.38
2021-04-13,75.27,4.0,6.38
2021-04-14,75.06,4.0,6.38
2021-04-15,74.73,4.0,6.38
2021-04-16,74.54,4.0,6.38
2021-04-17,74.54,4.0,6.38
2021-04-18,74.54,4.0,6.38
2021-04-19,74.86,4.0,6.38
2021-04-20,75.395,4.0,6.38
2021-04-21,75.439,4.0,6.38
2021-04-22,75.12,4.0,6.38
2021-04-23,74.93,4.0,6.38
2021-04-24,74.93,4.0,6.38
2021-04-25,74.93,4.0,6.38
2021-04-26,74.757,4.0,6.38
2021-04-27,74.59,4.0,6.38
2021-04-28,74.493,4.0,6.38
2021-04-29,74.1,4.0,6.38
2021-04-30,74.055,4.0,6.38
2021-05-01,74.055,4.0,6.38
2021-05-02,74.055,4.0,6.38
2021-05-03,74.055,4.0,6.38
2021-05-04,74.055,4.0,6.38
2021-05-05,74.055,4.0,6.38
2021-05-06,74.055,4.0,6.38
2021-05-07,74.055,4.0,6.38
2021-05-08,74.055,4.0,6.38
2021-05-09,74.055,4.0,6.38
2021-05-10,74.055,4.0,6.38
2021-05-11,74.055,4.0,6.38
2021-05-12,74.055,4.0,6.38
2021-05-13,73.48,4.0,6.38
2021-05-14,73.3,4.0,6.38
2021-05-15,73.3,4.0,6.38
2021-05-16,73.3,4.0,6.38
2021-05-17,73.335,4.0,6.38
2021-05-18,73.055,4.0,6.38
2021-05-19,73.22,4.0,6.38
2021-05-20,73.015,4.0,6.38
2021-05-21,72.827,4.0,6.38
2021-05-22,72.827,4.0,6.38
2021-05-23,72.827,4.0,6.38
2021-05-24,72.835,4.0,6.38
2021-05-25,72.795,4.0,6.38
2021-05-26,72.725,4.0,6.38
2021-05-27,72.71,4.0,6.38
2021-05-28,72.41,4.0,6.38
2021-05-29,72.41,4.0,6.38
2021-05-30,72.41,4.0,6.38
2021-05-31,72.518,4.0,6.38
2021-06-01,72.518,4.0,6.38
2021-06-02,72.518,4.0,6.38
2021-06-03,72.518,4.0,6.38
2021-06-04,72.518,4.0,6.38
2021-06-05,72.518,4.0,6.38
2021-06-06,72.518,4.0,6.38
2021-06-07,72.518,4.0,6.38
2021-06-08,72.518,4.0,6.38
2021-06-09,72.518,4.0,6.38
2021-06-10,72.518,4.0,6.38
2021-06-11,72.518,4.0,6.38
2021-06-12,72.518,4.0,6.38
2021-06-13,72.518,4.0,6.38
2021-06-14,73.185,4.0,6.38
2021-06-15,73.36,4.0,6.38
2021-06-16,73.275,4.0,6.38
2021-06-17,74.186,4.0,6.38
2021-06-18,74.12,4.0,6.38
2021-06-19,74.12,4.0,6.38
2021-06-20,74.12,4.0,6.38
2021-06-21,74.14,4.0,6.38
2021-06-22,74.34,4.0,6.38
2021-06-23,74.15,4.0,6.38
2021-06-24,74.19,4.0,6.38
2021-06-25,74.22,4.0,6.38
2021-06-26,74.22,4.0,6.38
2021-06-27,74.22,4.0,6.38
2021-06-28,74.275,4.0,6.38
2021-06-29,74.3,4.0,6.38
2021-06-30,74.365,4.0,6.38
2021-07-01,74.365,4.0,6.38
2021-07-02,74.365,4.0,6.38
2021-07-03,74.365,4.0,6.38
2021-07-04,74.365,4.0,6.38
2021-07-05,74.365,4.0,6.38
2021-07-06,74.365,4.0,6.38
2021-07-07,74.365,4.0,6.38
2021-07-08,74.365,4.0,6.38
2021-07-09,74.365,4.0,6.38
2021-07-10,74.365,4.0,6.38
2021-07-11,74.365,4.0,6.38
2021-07-12,74.365,4.0,6.38
2021-07-13,74.6,4.0,6.38
2021-07-14,74.47,4.0,6.38
2021-07-15,74.55,4.0,6.38
2021-07-16,74.61,4.0,6.38
2021-07-17,74.61,4.0,6.38
2021-07-18,74.61,4.0,6.38
2021-07-19,74.858,4.0,6.38
2021-07-20,74.535,4.0,6.38
2021-07-21,74.495,4.0,6.38
2021-07-22,74.455,4.0,6.38
2021-07-23,74.427,4.0,6.38
2021-07-24,74.427,4.0,6.38
2021-07-25,74.427,4.0,6.38
2021-07-26,74.34,4.0,6.38
2021-07-27,74.504,4.0,6.38
2021-07-28,74.5,4.0,6.38
2021-07-29,74.248,4.0,6.38
2021-07-30,74.344,4.0,6.38
2021-07-31,74.344,4.0,6.38
2021-08-01,74.344,4.0,6.38
2021-08-02,74.344,4.0,6.38
2021-08-03,74.344,4.0,6.38
2021-08-04,74.344,4.0,6.38
2021-08-05,74.344,4.0,6.38
2021-08-06,74.344,4.0,6.38
2021-08-07,74.344,4.0,6.38
2021-08-08,74.344,4.0,6.38
2021-08-09,74.344,4.0,6.38
2021-08-10,74.344,4.0,6.38
2021-08-11,74.344,4.0,6.38
2021-08-12,74.344,4.0,6.38
2021-08-13,74.242,4.0,6.38
2021-08-14,74.242,4.0,6.38
2021-08-15,74.242,4.0,6.38
2021-08-16,74.17,4.0,6.38
2021-08-17,74.375,4.0,6.38
2021-08-18,74.29,4.0,6.38
2021-08-19,74.38,4.0,6.38
2021-08-20,74.352,4.0,6.38
2021-08-21,74.352,4.0,6.38
2021-08-22,74.352,4.0,6.38
2021-08-23,74.135,4.0,6.38
2021-08-24,74.136,4.0,6.38
2021-08-25,74.12,4.0,6.38
2021-08-26,74.155,4.0,6.38
2021-08-27,73.475,4.0,6.38
2021-08-28,73.475,4.0,6.38
2021-08-29,73.475,4.0,6.38
2021-08-30,73.299,4.0,6.38
2021-08-31,72.951,4.0,6.38
2021-09-01,72.951,4.0,6.38
2021-09-02,72.951,4.0,6.38
2021-09-03,72.951,4.0,6.38
2021-09-04,72.951,4.0,6.38
2021-09-05,72.951,4.0,6.38
2021-09-06,72.951,4.0,6.38
2021-09-07,72.951,4.0,6.38
2021-09-08,72.951,4.0,6.38
2021-09-09,72.951,4.0,6.38
2021-09-10,72.951,4.0,6.38
2021-09-11,72.951,4.0,6.38
2021-09-12,72.951,4.0,6.38
2021-09-13,73.565,4.0,6.38
2021-09-14,73.647,4.0,6.38
2021-09-15,73.445,4.0,6.38
2021-09-16,73.575,4.0,6.38
2021-09-17,73.645,4.0,6.38
2021-09-18,73.645,4.0,6.38
2021-09-19,73.645,4.0,6.38
2021-09-20,73.653,4.0,6.38
2021-09-21,73.745,4.0,6.38
2021-09-22,73.825,4.0,6.38
2021-09-23,73.81,4.0,6.38
2021-09-24,73.821,4.0,6.38
2021-09-25,73.821,4.0,6.38
2021-09-26,73.821,4.0,6.38
2021-09-27,73.825,4.0,6.38
2021-09-28,74.2,4.0,6.38
2021-09-29,74.298,4.0,6.38
2021-09-30,74.17,4.0,6.38
2021-10-01,74.17,4.0,6.38
2021-10-02,74.17,4.0,6.38
2021-10-03,74.17,4.0,6.38
2021-10-04,74.17,4.0,6.38
2021-10-05,74.17,4.0,6.38
2021-10-06,74.17,4.0,6.38
2021-10-07,74.17,4.0,6.38
2021-10-08,74.17,4.0,6.38
2021-10-09,74.17,4.0,6.38
2021-10-10,74.17,4.0,6.38
2021-10-11,74.17,4.0,6.38
2021-10-12,74.17,4.0,6.38
2021-10-13,75.306,4.0,6.38
2021-10-14,74.995,4.0,6.38
2021-10-15,75.03,4.0,6.38
2021-10-16,75.03,4.0,6.38
2021-10-17,75.03,4.0,6.38
2021-10-18,75.21,4.0,6.38
2021-10-19,75.12,4.0,6.38
2021-10-20,74.81,4.0,6.38
2021-10-21,74.889,4.0,6.38
2021-10-22,74.999,4.0,6.38
2021-10-23,74.999,4.0,6.38
2021-10-24,74.999,4.0,6.38
2021-10-25,75.022,4.0,6.38
2021-10-26,74.942,4.0,6.38
2021-10-27,75.069,4.0,6.38
2021-10-28,74.788,4.0,6.38
2021-10-29,74.935,4.0,6.38
2021-10-30,74.935,4.0,6.38
2021-10-31,74.935,4.0,6.38
2021-11-01,74.935,4.0,6.38
2021-11-02,74.935,4.0,6.38
2021-11-03,74.935,4.0,6.38
2021-11-04,74.935,4.0,6.38
2021-11-05,74.935,4.0,6.38
2021-11-06,74.935,4.0,6.38
2021-11-07,74.935,4.0,6.38
2021-11-08,74.935,4.0,6.38
2021-11-09,74.935,4.0,6.38
2021-11-10,74.935,4.0,6.38
2021-11-11,74.935,4.0,6.38
2021-11-12,74.935,4.0,6.38
2021-11-13,74.935,4.0,6.38
2021-11-14,74.935,4.0,6.38
2021-11-15,74.404,4.0,6.38
2021-11-16,74.457,4.0,6.38
2021-11-17,74.255,4.0,6.38
2021-11-18,74.165,4.0,6.38
2021-11-19,74.35,4.0,6.38
2021-11-20,74.35,4.0,6.38
2021-11-21,74.35,4.0,6.38
2021-11-22,74.445,4.0,6.38
2021-11-23,74.447,4.0,6.38
2021-11-24,74.622,4.0,6.38
2021-11-25,74.502,4.0,6.38
2021-11-26,75.065,4.0,6.38
2021-11-27,75.065,4.0,6.38
2021-11-28,75.065,4.0,6.38
2021-11-29,75.05,4.0,6.38
2021-11-30,75.1,4.0,6.38
2021-12-01,75.1,4.0,6.38
2021-12-02,75.1,4.0,6.38
2021-12-03,75.1,4.0,6.38
2021-12-04,75.1,4.0,6.38
2021-12-05,75.1,4.0,6.38
2021-12-06,75.1,4.0,6.38
2021-12-07,75.1,4.0,6.38
2021-12-08,75.1,4.0,6.38
2021-12-09,75.1,4.0,6.38
2021-12-10,75.1,4.0,6.38
2021-12-11,75.1,4.0,6.38
2021-12-12,75.1,4.0,6.38
2021-12-13,75.77,4.0,6.38
2021-12-14,76.045,4.0,6.38
2021-12-15,76.355,4.0,6.38
2021-12-16,76.184,4.0,6.38
2021-12-17,76.013,4.0,6.38
2021-12-18,76.013,4.0,6.38
2021-12-19,76.013,4.0,6.38
2021-12-20,75.73,4.0,6.38
2021-12-21,75.705,4.0,6.38
2021-12-22,75.46,4.0,6.38
2021-12-23,75.035,4.0,6.38
2021-12-24,75.004,4.0,6.38
2021-12-25,75.004,4.0,6.38
2021-12-26,75.004,4.0,6.38
2021-12-27,74.98,4.0,6.38
2021-12-28,74.715,4.0,6.38
2021-12-29,74.57,4.0,6.38
2021-12-30,74.415,4.0,6.38
2021-12-31,74.486,4.0,6.38
2022-01-01,74.486,4.0,4.822
2022-01-02,74.486,4.0,4.822
2022-01-03,74.486,4.0,4.822
2022-01-04,74.486,4.0,4.822
2022-01-05,74.486,4.0,4.822
2022-01-06,74.486,4.0,4.822
2022-01-07,74.486,4.0,4.822
2022-01-08,74.486,4.0,4.822
2022-01-09,74.486,4.0,4.822
2022-01-10,74.486,4.0,4.822
2022-01-11,74.486,4.0,4.822
2022-01-12,74.486,4.0,4.822
2022-01-13,73.972,4.0,4.822
2022-01-14,74.156,4.0,4.822
2022-01-15,74.156,4.0,4.822
2022-01-16,74.156,4.0,4.822
2022-01-17,74.255,4.0,4.822
2022-01-18,74.565,4.0,4.822
2022-01-19,74.455,4.0,4.822
2022-01-20,74.468,4.0,4.822
2022-01-21,74.409,4.0,4.822
2022-01-22,74.409,4.0,4.822
2022-01-23,74.409,4.0,4.822
2022-01-24,74.642,4.0,4.822
2022-01-25,74.787,4.0,4.822
2022-01-26,74.903,4.0,4.822
2022-01-27,75.209,4.0,4.822
2022-01-28,75.046,4.0,4.822
2022-01-29,75.046,4.0,4.822
2022-01-30,75.046,4.0,4.822
2022-01-31,74.556,4.0,4.822
2022-02-01,74.556,4.0,4.822
2022-02-02,74.556,4.0,4.822
2022-02-03,74.556,4.0,4.822
2022-02-04,74.556,4.0,4.822
2022-02-05,74.556,4.0,4.822
2022-02-06,74.556,4.0,4.822
2022-02-07,74.556,4.0,4.822
2022-02-08,74.556,4.0,4.822
2022-02-09,74.556,4.0,4.822
2022-02-10,74.556,4.0,4.822
2022-02-11,74.556,4.0,4.822
2022-02-12,74.556,4.0,4.822
2022-02-13,74.556,4.0,4.822
2022-02-14,75.686,4.0,4.822
2022-02-15,75.177,4.0,4.822
2022-02-16,75.05,4.0,4.822
2022-02-17,75.105,4.0,4.822
2022-02-18,74.687,4.0,4.822
2022-02-19,74.687,4.0,4.822
2022-02-20,74.687,4.0,4.822
2022-02-21,74.524,4.0,4.822
2022-02-22,74.63,4.0,4.822
2022-02-23,74.64,4.0,4.822
2022-02-24,75.615,4.0,4.822
2022-02-25,75.075,4.0,4.822
2022-02-26,75.075,4.0,4.822
2022-02-27,75.075,4.0,4.822
2022-02-28,75.52,4.0,4.822
2022-03-01,75.52,4.0,4.822
2022-03-02,75.52,4.0,4.822
2022-03-03,75.52,4.0,4.822
2022-03-04,75.52,4.0,4.822
2022-03-05,75.52,4.0,4.822
2022-03-06,75.52,4.0,4.822
2022-03-07,75.52,4.0,4.822
2022-03-08,75.52,4.0,4.822
2022-03-09,75.52,4.0,4.822
2022-03-10,75.52,4.0,4.822
2022-03-11,75.52,4.0,4.822
2022-03-12,75.52,4.0,4.822
2022-03-13,75.52,4.0,4.822
2022-03-14,76.45,4.0,4.822
2022-03-15,76.42,4.0,4.822
2022-03-16,76.2,4.0,4.822
2022-03-17,75.937,4.0,4.822
2022-03-18,76.065,4.0,4.822
2022-03-19,76.065,4.0,4.822
2022-03-20,76.065,4.0,4.822
2022-03-21,76.285,4.0,4.822
2022-03-22,76.159,4.0,4.822
2022-03-23,76.53,4.0,4.822
2022-03-24,76.305,4.0,4.822
2022-03-25,76.285,4.0,4.822
2022-03-26,76.285,4.0,4.822
2022-03-27,76.285,4.0,4.822
2022-03-28,76.09,4.0,4.822
2022-03-29,75.666,4.0,4.822
2022-03-30,75.823,4.0,4.822
2022-03-31,75.928,4.0,4.822
2022-04-01,75.928,4.0,4.822
2022-04-02,75.928,4.0,4.822
2022-04-03,75.928,4.0,4.822
2022-04-04,75.928,4.0,4.822
2022-04-05,75.928,4.0,4.822
2022-04-06,75.928,4.0,4.822
2022-04-07,75.928,4.0,4.822
2022-04-08,75.928,4.0,4.822
2022-04-09,75.928,4.0,4.822
2022-04-10,75.928,4.0,4.822
2022-04-11,75.928,4.0,4.822
2022-04-12,75.928,4.0,4.822
2022-04-13,76.122,4.0,4.822
2022-04-14,76.292,4.0,4.822
2022-04-15,76.332,4.0,4.822
2022-04-16,76.332,4.0,4.822
2022-04-17,76.332,4.0,4.822
2022-04-18,76.284,4.0,4.822
2022-04-19,76.445,4.0,4.822
2022-04-20,76.269,4.0,4.822
2022-04-21,76.262,4.0,4.822
2022-04-22,76.475,4.0,4.822
2022-04-23,76.475,4.0,4.822
2022-04-24,76.475,4.0,4.822
2022-04-25,76.748,4.0,4.822
2022-04-26,76.68,4.0,4.822
2022-04-27,76.632,4.0,4.822
2022-04-28,76.67,4.0,4.822
2022-04-29,76.535,4.0,4.822
2022-04-30,76.535,4.0,4.822
2022-05-01,76.535,4.0,4.822
2022-05-02,76.535,4.0,4.822
2022-05-03,76.535,4.0,4.822
2022-05-04,76.535,4.4,4.822
2022-05-05,76.535,4.4,4.822
2022-05-06,76.535,4.4,4.822
2022-05-07,76.535,4.4,4.822
2022-05-08,76.535,4.4,4.822
2022-05-09,76.535,4.4,4.822
2022-05-10,76.535,4.4,4.822
2022-05-11,76.535,4.4,4.822
2022-05-12,76.535,4.4,4.822
2022-05-13,77.48,4.4,4.822
2022-05-14,77.48,4.4,4.822
2022-05-15,77.48,4.4,4.822
2022-05-16,77.833,4.4,4.822
2022-05-17,77.476,4.4,4.822
2022-05-18,77.81,4.4,4.822
2022-05-19,77.415,4.4,4.822
2022-05-20,77.865,4.4,4.822
2022-05-21,77.865,4.4,4.822
2022-05-22,77.865,4.4,4.822
2022-05-23,77.545,4.4,4.822
2022-05-24,77.475,4.4,4.822
2022-05-25,77.531,4.4,4.822
2022-05-26,77.636,4.4,4.822
2022-05-27,77.624,4.4,4.822
2022-05-28,77.624,4.4,4.822
2022-05-29,77.624,4.4,4.822
2022-05-30,77.554,4.4,4.822
2022-05-31,77.598,4.4,4.822
2022-06-01,77.598,4.4,4.822
2022-06-02,77.598,4.4,4.822
2022-06-03,77.598,4.4,4.822
2022-06-04,77.598,4.4,4.822
2022-06-05,77.598,4.4,4.822
2022-06-06,77.598,4.4,4.822
2022-06-07,77.598,4.4,4.822
2022-06-08,77.598,4.9,4.822
2022-06-09,77.598,4.9,4.822
2022-06-10,77.598,4.9,4.822
2022-06-11,77.598,4.9,4.822
2022-06-12,77.598,4.9,4.822
2022-06-13,78.104,4.9,4.822
2022-06-14,78.022,4.9,4.822
2022-06-15,78.171,4.9,4.822
2022-06-16,77.977,4.9,4.822
2022-06-17,77.952,4.9,4.822
2022-06-18,77.952,4.9,4.822
2022-06-19,77.952,4.9,4.822
2022-06-20,77.927,4.9,4.822
2022-06-21,78.133,4.9,4.822
2022-06-22,78.18,4.9,4.822
2022-06-23,78.145,4.9,4.822
2022-06-24,78.255,4.9,4.822
2022-06-25,78.255,4.9,4.822
2022-06-26,78.255,4.9,4.822
2022-06-27,78.44,4.9,4.822
2022-06-28,78.995,4.9,4.822
2022-06-29,78.945,4.9,4.822
2022-06-30,78.965,4.9,4.822
2022-07-01,78.965,4.9,4.822
2022-07-02,78.965,4.9,4.822
2022-07-03,78.965,4.9,4.822
2022-07-04,78.965,4.9,4.822
2022-07-05,78.965,4.9,4.822
2022-07-06,78.965,4.9,4.822
2022-07-07,78.965,4.9,4.822
2022-07-08,78.965,4.9,4.822
2022-07-09,78.965,4.9,4.822
2022-07-10,78.965,4.9,4.822
2022-07-11,78.965,4.9,4.822
2022-07-12,78.965,4.9,4.822
2022-07-13,79.65,4.9,4.822
2022-07-14,79.89,4.9,4.822
2022-07-15,79.76,4.9,4.822
2022-07-16,79.76,4.9,4.822
2022-07-17,79.76,4.9,4.822
2022-07-18,79.99,4.9,4.822
2022-07-19,79.85,4.9,4.822
2022-07-20,79.98,4.9,4.822
2022-07-21,79.85,4.9,4.822
2022-07-22,79.83,4.9,4.822
2022-07-23,79.83,4.9,4.822
2022-07-24,79.83,4.9,4.822
2022-07-25,79.691,4.9,4.822
2022-07-26,79.843,4.9,4.822
2022-07-27,79.845,4.9,4.822
2022-07-28,79.626,4.9,4.822
2022-07-29,79.336,4.9,4.822
2022-07-30,79.336,4.9,4.822
2022-07-31,79.336,4.9,4.822
2022-08-01,79.336,4.9,4.822
2022-08-02,79.336,4.9,4.822
2022-08-03,79.336,4.9,4.822
2022-08-04,79.336,4.9,4.822
2022-08-05,79.336,5.4,4.822
2022-08-06,79.336,5.4,4.822
2022-08-07,79.336,5.4,4.822
2022-08-08,79.336,5.4,4.822
2022-08-09,79.336,5.4,4.822
2022-08-10,79.336,5.4,4.822
2022-08-11,79.336,5.4,4.822
2022-08-12,79.336,5.4,4.822
2022-08-13,79.336,5.4,4.822
2022-08-14,79.336,5.4,4.822
2022-08-15,79.518,5.4,4.822
2022-08-16,79.248,5.4,4.822
2022-08-17,79.35,5.4,4.822
2022-08-18,79.75,5.4,4.822
2022-08-19,79.92,5.4,4.822
2022-08-20,79.92,5.4,4.822
2022-08-21,79.92,5.4,4.822
2022-08-22,79.85,5.4,4.822
2022-08-23,79.847,5.4,4.822
2022-08-24,79.78,5.4,4.822
2022-08-25,79.862,5.4,4.822
2022-08-26,79.961,5.4,4.822
2022-08-27,79.961,5.4,4.822
2022-08-28,79.961,5.4,4.822
2022-08-29,79.954,5.4,4.822
2022-08-30,79.665,5.4,4.822
2022-08-31,79.491,5.4,4.822
2022-09-01,79.491,5.4,4.822
2022-09-02,79.491,5.4,4.822
2022-09-03,79.491,5.4,4.822
2022-09-04,79.491,5.4,4.822
2022-09-05,79.491,5.4,4.822
2022-09-06,79.491,5.4,4.822
2022-09-07,79.491,5.4,4.822
2022-09-08,79.491,5.4,4.822
2022-09-09,79.491,5.4,4.822
2022-09-10,79.491,5.4,4.822
2022-09-11,79.491,5.4,4.822
2022-09-12,79.491,5.4,4.822
2022-09-13,79.577,5.4,4.822
2022-09-14,79.431,5.4,4.822
2022-09-15,79.839,5.4,4.822
2022-09-16,79.686,5.4,4.822
2022-09-17,79.686,5.4,4.822
2022-09-18,79.686,5.4,4.822
2022-09-19,79.693,5.4,4.822
2022-09-20,79.751,5.4,4.822
2022-09-21,79.907,5.4,4.822
2022-09-22,81.047,5.4,4.822
2022-09-23,81.25,5.4,4.822
2022-09-24,81.25,5.4,4.822
2022-09-25,81.25,5.4,4.822
2022-09-26,81.61,5.4,4.822
2022-09-27,81.705,5.4,4.822
2022-09-28,81.406,5.4,4.822
2022-09-29,81.461,5.4,4.822
2022-09-30,81.509,5.9,4.822
2022-10-01,81.509,5.9,4.822
2022-10-02,81.509,5.9,4.822
2022-10-03,81.509,5.9,4.822
2022-10-04,81.509,5.9,4.822
2022-10-05,81.509,5.9,4.822
2022-10-06,81.509,5.9,4.822
2022-10-07,81.509,5.9,4.822
2022-10-08,81.509,5.9,4.822
2022-10-09,81.509,5.9,4.822
2022-10-10,81.509,5.9,4.822
2022-10-11,81.509,5.9,4.822
2022-10-12,81.509,5.9,4.822
2022-10-13,82.172,5.9,4.822
2022-10-14,82.34,5.9,4.822
2022-10-15,82.34,5.9,4.822
2022-10-16,82.34,5.9,4.822
2022-10-17,82.171,5.9,4.822
2022-10-18,82.291,5.9,4.822
2022-10-19,83.013,5.9,4.822
2022-10-20,82.82,5.9,4.822
2022-10-21,82.529,5.9,4.822
2022-10-22,82.529,5.9,4.822
2022-10-23,82.529,5.9,4.822
2022-10-24,82.744,5.9,4.822
2022-10-25,82.515,5.9,4.822
2022-10-26,81.901,5.9,4.822
2022-10-27,82.368,5.9,4.822
2022-10-28,82.261,5.9,4.822
2022-10-29,82.261,5.9,4.822
2022-10-30,82.261,5.9,4.822
2022-10-31,82.77,5.9,4.822
2022-11-01,82.77,5.9,4.822
2022-11-02,82.77,5.9,4.822
2022-11-03,82.77,5.9,4.822
2022-11-04,82.77,5.9,4.822
2022-11-05,82.77,5.9,4.822
2022-11-06,82.77,5.9,4.822
2022-11-07,82.77,5.9,4.822
2022-11-08,82.77,5.9,4.822
2022-11-09,82.77,5.9,4.822
2022-11-10,82.77,5.9,4.822
2022-11-11,82.77,5.9,4.822
2022-11-12,82.77,5.9,4.822
2022-11-13,82.77,5.9,4.822
2022-11-14,80.965,5.9,4.822
2022-11-15,81.061,5.9,4.822
2022-11-16,81.48,5.9,4.822
2022-11-17,81.51,5.9,4.822
2022-11-18,81.617,5.9,4.822
2022-11-19,81.617,5.9,4.822
2022-11-20,81.617,5.9,4.822
2022-11-21,81.699,5.9,4.822
2022-11-22,81.714,5.9,4.822
2022-11-23,81.604,5.9,4.822
2022-11-24,81.613,5.9,4.822
2022-11-25,81.685,5.9,4.822
2022-11-26,81.685,5.9,4.822
2022-11-27,81.685,5.9,4.822
2022-11-28,81.64,5.9,4.822
2022-11-29,81.616,5.9,4.822
2022-11-30,81.359,5.9,4.822
2022-12-01,81.359,5.9,4.822
2022-12-02,81.359,5.9,4.822
2022-12-03,81.359,5.9,4.822
2022-12-04,81.359,5.9,4.822
2022-12-05,81.359,5.9,4.822
2022-12-06,81.359,5.9,4.822
2022-12-07,81.359,6.25,4.822
2022-12-08,81.359,6.25,4.822
2022-12-09,81.359,6.25,4.822
2022-12-10,81.359,6.25,4.822
2022-12-11,81.359,6.25,4.822
2022-12-12,81.359,6.25,4.822
2022-12-13,82.375,6.25,4.822
2022-12-14,82.474,6.25,4.822
2022-12-15,82.843,6.25,4.822
2022-12-16,82.706,6.25,4.822
2022-12-17,82.706,6.25,4.822
2022-12-18,82.706,6.25,4.822
2022-12-19,82.649,6.25,4.822
2022-12-20,82.6,6.25,4.822
2022-12-21,82.88,6.25,4.822
2022-12-22,82.96,6.25,4.822
2022-12-23,82.78,6.25,4.822
2022-12-24,82.78,6.25,4.822
2022-12-25,82.78,6.25,4.822
2022-12-26,82.65,6.25,4.822
2022-12-27,82.83,6.25,4.822
2022-12-28,82.736,6.25,4.822
2022-12-29,82.758,6.25,4.822
2022-12-30,82.717,6.25,4.822
2022-12-31,82.717,6.25,4.822
2023-01-01,82.717,6.25,4.172
2023-01-02,82.717,6.25,4.172
2023-01-03,82.717,6.25,4.172
2023-01-04,82.717,6.25,4.172
2023-01-05,82.717,6.25,4.172
2023-01-06,82.717,6.25,4.172
2023-01-07,82.717,6.25,4.172
2023-01-08,82.717,6.5,4.172
2023-01-09,82.717,6.5,4.172
2023-01-10,82.717,6.5,4.172
2023-01-11,82.717,6.5,4.172
2023-01-12,82.717,6.5,4.172
2023-01-13,81.28,6.5,4.172
