Date,Price,Open,High,Low,Vol.,Change %
01/13/2023,81.28,81.115,81.522,81.115,,0.22%
01-12-2023,81.1,81.657,81.754,81.11,,-0.66%
01-11-2023,81.637,81.625,81.83,81.496,,0.04%
01-10-2023,81.602,82.185,82.317,81.604,,-0.69%
01-09-2023,82.17,82.234,82.454,82.095,,-0.12%
01-06-2023,82.27,82.604,82.785,82.275,,-0.36%
01-05-2023,82.568,82.74,82.808,82.426,,-0.09%
01-04-2023,82.641,82.779,82.919,82.667,,-0.16%
01-03-2023,82.774,82.698,83.038,82.654,,0.04%
01-02-2023,82.745,82.67,82.8,82.56,,0.03%
12/30/2022,82.717,82.787,82.829,82.539,,-0.05%
12/29/2022,82.758,82.847,82.901,82.754,,0.03%
12/28/2022,82.736,82.84,82.93,82.747,,-0.11%
12/27/2022,82.83,82.675,82.909,82.655,,0.22%
12/26/2022,82.65,82.775,82.847,82.627,,-0.16%
12/23/2022,82.78,82.88,82.902,82.742,,-0.22%
12/22/2022,82.96,82.825,82.989,82.643,,0.10%
12/21/2022,82.88,82.73,82.933,82.654,,0.34%
12/20/2022,82.6,82.582,82.885,82.564,,-0.06%
12/19/2022,82.649,82.775,82.832,82.565,,-0.07%
12/16/2022,82.706,82.865,82.897,82.626,,-0.17%
12/15/2022,82.843,82.537,82.993,82.415,,0.45%
12/14/2022,82.474,82.61,82.715,82.402,,0.12%
12/13/2022,82.375,82.662,82.922,82.373,,-0.31%
12-12-2022,82.634,82.434,82.745,82.423,,0.27%
12-09-2022,82.41,82.244,82.509,82.086,,0.16%
12-08-2022,82.28,82.267,82.477,82.253,,0.09%
12-07-2022,82.204,82.422,82.783,82.188,,-0.33%
12-06-2022,82.48,81.904,82.643,81.897,,0.72%
12-05-2022,81.89,81.255,81.91,81.195,,0.59%
12-02-2022,81.41,81.165,81.527,81.082,,0.36%
12-01-2022,81.12,81.151,81.336,80.985,,-0.29%
11/30/2022,81.359,81.645,81.65,81.271,,-0.31%
11/29/2022,81.616,81.549,81.758,81.541,,-0.03%
11/28/2022,81.64,81.814,81.846,81.518,,-0.06%
11/25/2022,81.685,81.671,81.754,81.432,,0.09%
11/24/2022,81.613,81.633,81.777,81.588,,0.01%
11/23/2022,81.604,81.719,81.934,81.628,,-0.13%
11/22/2022,81.714,81.728,81.83,81.58,,0.02%
11/21/2022,81.699,81.672,81.927,81.579,,0.10%
11/18/2022,81.617,81.53,81.8,81.505,,0.13%
11/17/2022,81.51,81.453,81.854,81.422,,0.04%
11/16/2022,81.48,81.105,81.574,81.105,,0.52%
11/15/2022,81.061,80.992,81.449,80.703,,0.12%
11/14/2022,80.965,80.525,81.299,80.51,,0.61%
11-11-2022,80.477,80.565,80.996,80.483,,-0.19%
11-10-2022,80.63,81.444,81.93,80.632,,-0.87%
11-09-2022,81.335,81.34,81.628,81.21,,-0.04%
11-08-2022,81.37,81.832,82.034,81.241,,-0.53%
11-07-2022,81.804,82.075,82.324,81.809,,-0.19%
11-04-2022,81.962,82.69,82.74,81.97,,-0.93%
11-03-2022,82.731,82.894,82.996,82.693,,0.02%
11-02-2022,82.712,82.682,82.818,82.609,,0.08%
11-01-2022,82.65,82.817,82.826,82.494,,-0.14%
10/31/2022,82.77,82.386,82.877,82.316,,0.62%
10/28/2022,82.261,82.364,82.518,82.269,,-0.13%
10/27/2022,82.368,82.031,82.574,82.017,,0.57%
10/26/2022,81.901,82.445,82.539,81.961,,-0.74%
10/25/2022,82.515,82.755,82.859,82.413,,-0.28%
10/24/2022,82.744,82.603,82.884,82.572,,0.26%
10/21/2022,82.529,82.836,83.104,82.539,,-0.35%
10/20/2022,82.82,82.991,83.268,82.526,,-0.23%
10/19/2022,83.013,82.271,83.101,82.26,,0.88%
10/18/2022,82.291,82.134,82.381,81.998,,0.15%
10/17/2022,82.171,82.4,82.418,82.081,,-0.21%
10/14/2022,82.34,82.182,82.423,82.101,,0.20%
10/13/2022,82.172,82.179,82.66,82.1,,0.02%
10-12-2022,82.159,82.238,82.365,82.151,,-0.12%
10-11-2022,82.256,82.397,82.497,82.084,,-0.14%
10-10-2022,82.37,82.68,82.695,82.236,,-0.54%
10-07-2022,82.82,82.264,82.82,82.089,,0.93%
10-06-2022,82.06,81.515,82.298,81.46,,0.53%
10-05-2022,81.631,81.454,81.711,81.303,,0.22%
10-04-2022,81.451,81.49,81.68,81.265,,-0.05%
10-03-2022,81.494,81.504,81.923,81.48,,-0.02%
09/30/2022,81.509,81.473,81.71,81.142,,0.06%
09/29/2022,81.461,81.565,81.943,81.456,,0.07%
09/28/2022,81.406,81.85,82.005,81.338,,-0.37%
09/27/2022,81.705,81.352,81.772,81.277,,0.12%
09/26/2022,81.61,81.31,81.704,81.31,,0.44%
09/23/2022,81.25,81.025,81.266,80.76,,0.25%
09/22/2022,81.047,80.206,81.13,80.177,,1.43%
09/21/2022,79.907,79.76,80.056,79.73,,0.20%
09/20/2022,79.751,79.65,79.771,79.575,,0.07%
09/19/2022,79.693,79.686,79.818,79.569,,0.01%
09/16/2022,79.686,79.832,79.858,79.566,,-0.19%
09/15/2022,79.839,79.49,79.846,79.428,,0.51%
09/14/2022,79.431,79.566,79.62,79.349,,-0.18%
09/13/2022,79.577,79.375,79.607,78.998,,0.29%
09-12-2022,79.35,79.648,79.72,79.273,,-0.36%
09-09-2022,79.635,79.656,79.665,79.434,,-0.04%
09-08-2022,79.667,79.635,79.835,79.626,,0.05%
09-07-2022,79.63,79.908,79.974,79.594,,-0.30%
09-06-2022,79.87,79.803,79.916,79.735,,0.11%
09-05-2022,79.783,79.925,79.927,79.752,,0.08%
09-02-2022,79.717,79.71,79.914,79.604,,0.06%
09-01-2022,79.673,79.535,79.74,79.281,,0.23%
08/31/2022,79.491,79.707,79.717,79.415,,-0.22%
08/30/2022,79.665,79.968,79.985,79.417,,-0.36%
08/29/2022,79.954,79.989,80.135,79.892,,-0.01%
08/26/2022,79.961,79.883,79.983,79.709,,0.12%
08/25/2022,79.862,79.811,80.006,79.749,,0.10%
08/24/2022,79.78,79.875,79.9,79.691,,-0.08%
08/23/2022,79.847,79.875,79.919,79.682,,0.00%
08/22/2022,79.85,79.905,79.93,79.769,,-0.09%
08/19/2022,79.92,79.775,79.943,79.698,,0.21%
08/18/2022,79.75,79.405,79.765,79.372,,0.50%
08/17/2022,79.35,79.166,79.514,79.155,,0.13%
08/16/2022,79.248,79.55,79.605,79.25,,-0.34%
08/15/2022,79.518,79.654,79.658,79.459,,-0.15%
08-12-2022,79.641,79.61,79.759,79.59,,0.08%
08-11-2022,79.58,79.066,79.695,79.066,,0.62%
08-10-2022,79.09,79.56,79.613,79.018,,-0.59%
08-09-2022,79.563,79.582,79.661,79.497,,-0.03%
08-08-2022,79.584,79.425,79.689,79.42,,0.28%
08-05-2022,79.36,79.16,79.494,78.918,,0.25%
08-04-2022,79.16,79.096,79.84,79.048,,0.07%
08-03-2022,79.108,78.627,79.243,78.574,,0.66%
08-02-2022,78.587,78.961,79.002,78.393,,-0.47%
08-01-2022,78.959,79.185,79.241,78.894,,-0.48%
07/29/2022,79.336,79.604,79.604,79.168,,-0.36%
07/28/2022,79.626,79.763,79.855,79.586,,-0.27%
07/27/2022,79.845,79.823,79.995,79.774,,0.00%
07/26/2022,79.843,79.735,79.884,79.692,,0.19%
07/25/2022,79.691,79.784,79.885,79.678,,-0.17%
07/22/2022,79.83,79.883,79.938,79.803,,-0.03%
07/21/2022,79.85,80.026,80.067,79.76,,-0.16%
07/20/2022,79.98,79.907,80.067,79.878,,0.16%
07/19/2022,79.85,79.989,80.072,79.857,,-0.18%
07/18/2022,79.99,79.817,80.02,79.703,,0.29%
07/15/2022,79.76,79.867,79.979,79.715,,-0.16%
07/14/2022,79.89,79.708,80.235,79.666,,0.30%
07/13/2022,79.65,79.49,79.87,79.475,,0.25%
07-12-2022,79.45,79.466,79.666,79.459,,0.05%
07-11-2022,79.41,79.255,79.585,79.255,,0.19%
07-08-2022,79.26,79.18,79.435,79.128,,0.11%
07-07-2022,79.175,79.046,79.278,78.905,,0.16%
07-06-2022,79.047,79.186,79.398,78.922,,-0.32%
07-05-2022,79.298,78.964,79.428,78.956,,0.45%
07-04-2022,78.939,78.984,79.088,78.871,,-0.02%
07-01-2022,78.956,78.983,79.159,78.818,,-0.01%
06/30/2022,78.965,78.9,79.095,78.867,,0.03%
06/29/2022,78.945,79.004,79.075,78.856,,-0.06%
06/28/2022,78.995,78.445,79.047,78.438,,0.71%
06/27/2022,78.44,78.283,78.571,78.196,,0.24%
06/24/2022,78.255,78.182,78.375,78.12,,0.14%
06/23/2022,78.145,78.22,78.377,78.112,,-0.04%
06/22/2022,78.18,78.15,78.41,78.121,,0.06%
06/21/2022,78.133,77.937,78.143,77.935,,0.26%
06/20/2022,77.927,78.002,78.058,77.879,,-0.03%
06/17/2022,77.952,77.993,78.112,77.941,,-0.03%
06/16/2022,77.977,78.036,78.123,77.917,,-0.25%
06/15/2022,78.171,78.03,78.227,77.977,,0.19%
06/14/2022,78.022,78.128,78.128,77.953,,-0.10%
06/13/2022,78.104,78.185,78.323,77.963,,-0.05%
06-10-2022,78.144,77.804,78.208,77.778,,0.42%
06-09-2022,77.815,77.707,77.874,77.69,,0.14%
06-08-2022,77.709,77.7,77.811,77.598,,0.06%
06-07-2022,77.664,77.784,77.847,77.62,,-0.19%
06-06-2022,77.814,77.678,77.854,77.554,,0.26%
06-03-2022,77.615,77.423,77.68,77.393,,0.28%
06-02-2022,77.399,77.562,77.654,77.377,,-0.21%
06-01-2022,77.56,77.627,77.655,77.431,,-0.05%
05/31/2022,77.598,77.553,77.752,77.553,,0.06%
05/30/2022,77.554,77.595,77.595,77.487,,-0.09%
05/27/2022,77.624,77.64,77.703,77.533,,-0.02%
05/26/2022,77.636,77.504,77.716,77.504,,0.14%
05/25/2022,77.531,77.496,77.641,77.459,,0.07%
05/24/2022,77.475,77.528,77.69,77.463,,-0.09%
05/23/2022,77.545,77.678,77.738,77.445,,-0.41%
05/20/2022,77.865,77.432,77.891,77.432,,0.58%
05/19/2022,77.415,77.825,77.825,77.378,,-0.51%
05/18/2022,77.81,77.455,77.81,77.455,,0.43%
05/17/2022,77.476,77.822,77.822,77.375,,-0.46%
05/16/2022,77.833,77.512,77.911,77.512,,0.46%
05/13/2022,77.48,77.44,77.548,77.243,,0.06%
05-12-2022,77.435,77.418,77.645,77.294,,0.01%
05-11-2022,77.425,77.254,77.502,77.155,,0.26%
05-10-2022,77.225,77.374,77.472,77.114,,-0.18%
05-09-2022,77.365,76.987,77.535,76.987,,0.50%
05-06-2022,76.979,76.518,77.079,76.518,,0.61%
05-05-2022,76.514,76.149,76.578,76.007,,0.30%
05-04-2022,76.282,76.474,76.603,76.206,,-0.25%
05-03-2022,76.47,76.49,76.675,76.45,,-0.02%
05-02-2022,76.485,76.515,76.53,76.327,,-0.07%
04/29/2022,76.535,76.617,76.704,76.264,,-0.18%
04/28/2022,76.67,76.521,76.72,76.407,,0.05%
04/27/2022,76.632,76.773,76.816,76.498,,-0.06%
04/26/2022,76.68,76.546,76.705,76.451,,-0.09%
04/25/2022,76.748,76.556,76.8,76.552,,0.36%
04/22/2022,76.475,76.283,76.533,76.205,,0.28%
04/21/2022,76.262,76.282,76.39,76.08,,-0.01%
04/20/2022,76.269,76.475,76.548,76.156,,-0.23%
04/19/2022,76.445,76.285,76.56,76.253,,0.21%
04/18/2022,76.284,76.308,76.453,76.222,,-0.06%
04/15/2022,76.332,76.306,76.365,76.286,,0.05%
04/14/2022,76.292,76.145,76.296,76.081,,0.22%
04/13/2022,76.122,76.155,76.286,76.044,,0.05%
04-12-2022,76.082,75.938,76.196,75.938,,0.32%
04-11-2022,75.836,75.966,76.111,75.805,,-0.16%
04-08-2022,75.96,75.932,76.061,75.722,,0.06%
04-07-2022,75.913,75.962,76.05,75.776,,-0.04%
04-06-2022,75.947,75.424,76.074,75.424,,0.64%
04-05-2022,75.465,75.434,75.572,75.26,,0.02%
04-04-2022,75.451,75.922,75.951,75.354,,-0.72%
04-01-2022,75.995,75.918,76.021,75.863,,0.09%
03/31/2022,75.928,75.845,75.968,75.651,,0.14%
03/30/2022,75.823,75.668,75.984,75.615,,0.21%
03/29/2022,75.666,76.005,76.176,75.565,,-0.56%
03/28/2022,76.09,76.32,76.39,76.022,,-0.26%
03/25/2022,76.285,76.222,76.299,76.125,,-0.03%
03/24/2022,76.305,76.51,76.51,76.166,,-0.29%
03/23/2022,76.53,76.104,76.53,75.982,,0.49%
03/22/2022,76.159,76.308,76.52,75.996,,-0.17%
03/21/2022,76.285,76.034,76.285,76.005,,0.29%
03/18/2022,76.065,76.065,76.21,76.017,,0.17%
03/17/2022,75.937,76.054,76.09,75.755,,-0.35%
03/16/2022,76.2,76.271,76.482,76.108,,-0.29%
03/15/2022,76.42,76.47,76.69,76.302,,-0.04%
03/14/2022,76.45,76.654,76.72,76.44,,-0.08%
03-11-2022,76.511,76.371,76.737,76.272,,0.26%
03-10-2022,76.31,76.271,76.497,76.071,,-0.09%
03-09-2022,76.382,76.928,77.014,76.317,,-0.68%
03-08-2022,76.905,76.996,77.174,76.725,,-0.09%
03-07-2022,76.975,76.665,77.16,76.665,,0.72%
03-04-2022,76.425,75.945,76.438,75.944,,0.60%
03-03-2022,75.971,75.66,76.02,75.627,,0.44%
03-02-2022,75.638,75.928,75.947,75.59,,-0.19%
03-01-2022,75.782,75.289,75.817,75.284,,0.35%
02/28/2022,75.52,75.767,75.808,75.285,,0.59%
02/25/2022,75.075,75.415,75.475,75.075,,-0.71%
02/24/2022,75.615,74.679,75.835,74.643,,1.31%
02/23/2022,74.64,74.63,74.735,74.531,,0.01%
02/22/2022,74.63,74.692,74.999,74.602,,0.14%
02/21/2022,74.524,74.596,74.742,74.355,,-0.22%
02/18/2022,74.687,75.07,75.109,74.469,,-0.56%
02/17/2022,75.105,74.973,75.233,74.945,,0.07%
02/16/2022,75.05,75.198,75.319,74.955,,-0.17%
02/15/2022,75.177,75.63,75.749,75.162,,-0.67%
02/14/2022,75.686,75.571,75.712,75.377,,0.45%
02-11-2022,75.348,75.315,75.53,75.172,,0.33%
02-10-2022,75.102,74.815,75.288,74.806,,0.39%
02-09-2022,74.808,74.72,74.89,74.655,,0.12%
02-08-2022,74.719,74.639,74.823,74.599,,0.09%
02-07-2022,74.655,74.697,74.832,74.625,,0.01%
02-04-2022,74.645,74.644,74.843,74.601,,0.00%
02-03-2022,74.644,74.851,74.941,74.621,,-0.24%
02-02-2022,74.823,74.751,75.047,74.685,,0.10%
02-01-2022,74.751,74.561,74.902,74.432,,0.26%
01/31/2022,74.556,75.035,75.077,74.556,,-0.65%
01/28/2022,75.046,75.203,75.224,74.881,,-0.22%
01/27/2022,75.209,75.139,75.329,75.054,,0.41%
01/26/2022,74.903,74.798,74.979,74.72,,0.16%
01/25/2022,74.787,74.657,74.819,74.567,,0.19%
01/24/2022,74.642,74.373,74.757,74.307,,0.31%
01/21/2022,74.409,74.483,74.593,74.279,,-0.08%
01/20/2022,74.468,74.42,74.552,74.311,,0.02%
01/19/2022,74.455,74.567,74.747,74.375,,-0.15%
01/18/2022,74.565,74.243,74.618,74.213,,0.42%
01/17/2022,74.255,74.182,74.377,74.137,,0.13%
01/14/2022,74.156,73.929,74.213,73.916,,0.25%
01/13/2022,73.972,73.773,73.993,73.773,,0.24%
01-12-2022,73.797,73.797,74.072,73.762,,-0.03%
01-11-2022,73.817,74.047,74.056,73.767,,-0.28%
01-10-2022,74.025,74.215,74.235,73.996,,-0.34%
01-07-2022,74.278,74.434,74.434,74.246,,-0.14%
01-06-2022,74.385,74.432,74.52,74.326,,0.13%
01-05-2022,74.285,74.535,74.6,74.254,,-0.33%
01-04-2022,74.53,74.389,74.732,74.389,,0.17%
01-03-2022,74.4,74.484,74.502,74.266,,-0.12%
12/31/2021,74.486,74.422,74.532,74.106,,0.10%
12/30/2021,74.415,74.495,74.67,74.284,,-0.21%
12/29/2021,74.57,74.75,74.865,74.568,,-0.19%
12/28/2021,74.715,74.939,75,74.599,,-0.35%
12/27/2021,74.98,75.019,75.19,74.959,,-0.03%
12/24/2021,75.004,75.059,75.228,74.998,,-0.04%
12/23/2021,75.035,75.503,75.505,75.035,,-0.56%
12/22/2021,75.46,75.685,75.685,75.449,,-0.32%
12/21/2021,75.705,75.795,75.8,75.404,,-0.03%
12/20/2021,75.73,76.03,76.188,75.73,,-0.37%
12/17/2021,76.013,76.208,76.309,75.951,,-0.22%
12/16/2021,76.184,76.179,76.343,76.086,,-0.22%
12/15/2021,76.355,76.097,76.423,76.035,,0.41%
12/14/2021,76.045,75.775,76.045,75.752,,0.36%
12/13/2021,75.77,75.68,75.818,75.575,,0.07%
12-10-2021,75.718,75.633,75.885,75.585,,0.16%
12-09-2021,75.599,75.405,75.691,75.381,,0.29%
12-08-2021,75.384,75.412,75.591,75.306,,-0.03%
12-07-2021,75.409,75.397,75.513,75.272,,0.02%
12-06-2021,75.395,75.181,75.475,75.181,,0.20%
12-03-2021,75.241,75.017,75.349,74.948,,0.34%
12-02-2021,74.989,75.016,75.099,74.902,,-0.04%
12-01-2021,75.021,75.087,75.087,74.798,,-0.11%
11/30/2021,75.1,75.043,75.204,74.852,,0.07%
11/29/2021,75.05,74.826,75.186,74.803,,-0.02%
11/26/2021,75.065,74.601,75.105,74.575,,0.76%
11/25/2021,74.502,74.647,74.647,74.464,,-0.16%
11/24/2021,74.622,74.438,74.622,74.322,,0.24%
11/23/2021,74.447,74.44,74.592,74.371,,0.00%
11/22/2021,74.445,74.347,74.527,74.298,,0.13%
11/19/2021,74.35,74.184,74.498,74.184,,0.25%
11/18/2021,74.165,74.295,74.338,74.015,,-0.12%
11/17/2021,74.255,74.469,74.542,74.218,,-0.27%
11/16/2021,74.457,74.425,74.535,74.285,,0.07%
11/15/2021,74.404,74.373,74.52,74.34,,0.08%
11-12-2021,74.347,74.334,74.545,74.274,,0.05%
11-11-2021,74.312,74.41,74.607,74.282,,-0.14%
11-10-2021,74.415,74.187,74.437,74.076,,0.32%
11-09-2021,74.175,73.905,74.175,73.834,,0.34%
11-08-2021,73.921,74.224,74.295,73.876,,-0.36%
11-05-2021,74.191,74.56,74.582,74.171,,-0.48%
11-04-2021,74.548,74.45,74.567,74.218,,0.13%
11-03-2021,74.452,74.7,74.745,74.38,,-0.33%
11-02-2021,74.695,74.837,74.91,74.57,,-0.19%
11-01-2021,74.837,74.935,75.045,74.794,,-0.13%
10/29/2021,74.935,74.803,75.048,74.755,,0.20%
10/28/2021,74.788,75.069,75.136,74.75,,-0.37%
10/27/2021,75.069,74.942,75.11,74.884,,0.17%
10/26/2021,74.942,75.022,75.175,74.862,,-0.11%
10/25/2021,75.022,74.945,75.182,74.887,,0.03%
10/22/2021,74.999,74.869,74.999,74.672,,0.15%
10/21/2021,74.889,74.829,74.944,74.703,,0.11%
10/20/2021,74.81,75.075,75.209,74.761,,-0.41%
10/19/2021,75.12,75.24,75.275,74.892,,-0.12%
10/18/2021,75.21,75.041,75.409,75.041,,0.24%
10/15/2021,75.03,74.987,75.075,74.882,,0.05%
10/14/2021,74.995,75.256,75.385,74.97,,-0.41%
10/13/2021,75.306,75.502,75.535,75.194,,-0.24%
10-12-2021,75.488,75.434,75.685,75.179,,0.11%
10-11-2021,75.403,75.119,75.546,75.07,,0.36%
10-08-2021,75.131,74.844,75.197,74.822,,0.41%
10-07-2021,74.825,74.768,74.95,74.714,,0.06%
10-06-2021,74.778,74.522,75.066,74.522,,0.29%
10-05-2021,74.565,74.578,74.688,74.43,,-0.03%
10-04-2021,74.588,74.147,74.597,74.135,,0.59%
10-01-2021,74.15,74.19,74.389,74.09,,-0.03%
09/30/2021,74.17,74.326,74.361,74.115,,-0.17%
09/29/2021,74.298,74.174,74.359,74.097,,0.13%
09/28/2021,74.2,73.8,74.26,73.734,,0.51%
09/27/2021,73.825,73.685,73.886,73.61,,0.01%
09/24/2021,73.821,73.832,73.875,73.619,,0.01%
09/23/2021,73.81,73.88,73.912,73.6,,-0.02%
09/22/2021,73.825,73.777,73.955,73.675,,0.11%
09/21/2021,73.745,73.645,73.759,73.555,,0.12%
09/20/2021,73.653,73.825,73.847,73.615,,0.01%
09/17/2021,73.645,73.526,73.645,73.413,,0.10%
09/16/2021,73.575,73.445,73.616,73.335,,0.18%
09/15/2021,73.445,73.629,73.742,73.423,,-0.27%
09/14/2021,73.647,73.529,73.734,73.517,,0.11%
09/13/2021,73.565,73.545,73.787,73.545,,0.06%
09-10-2021,73.524,73.556,73.556,73.375,,-0.03%
09-09-2021,73.546,73.74,73.897,73.506,,-0.34%
09-08-2021,73.796,73.416,73.883,73.412,,0.48%
09-07-2021,73.442,73.073,73.494,73.047,,0.50%
09-06-2021,73.078,72.995,73.131,72.971,,0.11%
09-03-2021,72.997,73.013,73.166,72.93,,-0.01%
09-02-2021,73.006,72.998,73.134,72.951,,0.02%
09-01-2021,72.995,72.987,73.161,72.916,,0.06%
08/31/2021,72.951,73.423,73.423,72.907,,-0.47%
08/30/2021,73.299,73.456,73.556,73.187,,-0.24%
08/27/2021,73.475,74.126,74.21,73.454,,-0.92%
08/26/2021,74.155,74.103,74.275,74.091,,0.05%
08/25/2021,74.12,74.15,74.31,74.12,,-0.02%
08/24/2021,74.136,74.084,74.23,74.081,,0.00%
08/23/2021,74.135,74.261,74.321,74.089,,-0.29%
08/20/2021,74.352,74.385,74.483,74.322,,-0.04%
08/19/2021,74.38,74.28,74.464,74.261,,0.12%
08/18/2021,74.29,74.321,74.355,74.234,,-0.11%
08/17/2021,74.375,74.134,74.395,74.134,,0.28%
08/16/2021,74.17,74.232,74.305,74.123,,-0.10%
08/13/2021,74.242,74.241,74.326,74.238,,-0.10%
08-12-2021,74.315,74.103,74.34,74.103,,0.07%
08-11-2021,74.263,74.419,74.501,74.201,,-0.23%
08-10-2021,74.435,74.456,74.509,74.337,,-0.07%
08-09-2021,74.488,74.243,74.488,74.203,,0.33%
08-06-2021,74.242,74.082,74.242,74.041,,0.19%
08-05-2021,74.1,74.172,74.29,74.087,,-0.10%
08-04-2021,74.175,74.242,74.279,74.105,,-0.10%
08-03-2021,74.251,74.317,74.368,74.204,,-0.14%
08-02-2021,74.356,74.342,74.432,74.316,,0.02%
07/30/2021,74.344,74.256,74.454,74.249,,0.13%
07/29/2021,74.248,74.383,74.432,74.219,,-0.34%
07/28/2021,74.5,74.526,74.534,74.31,,-0.01%
07/27/2021,74.504,74.279,74.546,74.279,,0.22%
07/26/2021,74.34,74.442,74.534,74.338,,-0.12%
07/23/2021,74.427,74.457,74.575,74.374,,-0.04%
07/22/2021,74.455,74.441,74.525,74.306,,-0.05%
07/21/2021,74.495,74.525,74.642,74.493,,-0.05%
07/20/2021,74.535,74.944,74.973,74.535,,-0.43%
07/19/2021,74.858,74.681,75.032,74.681,,0.33%
07/16/2021,74.61,74.532,74.669,74.491,,0.08%
07/15/2021,74.55,74.462,74.576,74.436,,0.11%
07/14/2021,74.47,74.654,74.66,74.461,,-0.17%
07/13/2021,74.6,74.519,74.679,74.406,,0.07%
07-12-2021,74.545,74.537,74.685,74.415,,0.08%
07-09-2021,74.487,74.762,74.768,74.468,,-0.34%
07-08-2021,74.74,74.744,74.875,74.66,,-0.08%
07-07-2021,74.8,74.762,74.82,74.56,,0.28%
07-06-2021,74.591,74.335,74.629,74.243,,0.37%
07-05-2021,74.317,74.553,74.582,74.284,,-0.27%
07-02-2021,74.518,74.558,74.887,74.502,,-0.06%
07-01-2021,74.565,74.364,74.639,74.33,,0.27%
06/30/2021,74.365,74.218,74.474,74.205,,0.09%
06/29/2021,74.3,74.277,74.352,74.205,,0.03%
06/28/2021,74.275,74.159,74.316,74.159,,0.07%
06/25/2021,74.22,74.172,74.258,74.116,,0.04%
06/24/2021,74.19,74.225,74.278,74.11,,0.05%
06/23/2021,74.15,74.35,74.406,74.056,,-0.26%
06/22/2021,74.34,74.12,74.418,74.051,,0.27%
06/21/2021,74.14,74.102,74.336,74.058,,0.03%
06/18/2021,74.12,74.208,74.301,73.818,,-0.09%
06/17/2021,74.186,73.593,74.263,73.588,,1.24%
06/16/2021,73.275,73.345,73.394,73.26,,-0.12%
06/15/2021,73.36,73.208,73.383,73.159,,0.24%
06/14/2021,73.185,73.257,73.296,73.102,,-0.08%
06-11-2021,73.245,73.005,73.262,72.883,,0.23%
06-10-2021,73.08,72.948,73.135,72.932,,0.13%
06-09-2021,72.985,72.92,73.02,72.884,,0.04%
06-08-2021,72.955,72.783,72.975,72.765,,0.20%
06-07-2021,72.811,72.918,72.952,72.763,,-0.08%
06-04-2021,72.87,73.04,73.129,72.812,,-0.24%
06-03-2021,73.045,73.016,73.185,72.833,,0.12%
06-02-2021,72.96,72.86,73.333,72.86,,0.13%
06-01-2021,72.865,72.484,72.958,72.475,,0.48%
05/31/2021,72.518,72.377,72.662,72.347,,0.15%
05/28/2021,72.41,72.692,72.692,72.32,,-0.41%
05/27/2021,72.71,72.684,72.798,72.508,,-0.02%
05/26/2021,72.725,72.805,72.805,72.63,,-0.10%
05/25/2021,72.795,72.87,72.88,72.745,,-0.05%
05/24/2021,72.835,72.861,72.983,72.825,,0.01%
05/21/2021,72.827,73.007,73.095,72.76,,-0.26%
05/20/2021,73.015,73.157,73.227,73.015,,-0.28%
05/19/2021,73.22,73.13,73.25,72.938,,0.23%
05/18/2021,73.055,73.222,73.27,72.956,,-0.38%
05/17/2021,73.335,73.281,73.335,73.151,,0.05%
05/14/2021,73.3,73.45,73.486,73.189,,-0.24%
05/13/2021,73.48,73.611,73.662,73.47,,-0.08%
05-12-2021,73.538,73.379,73.541,73.371,,0.22%
05-11-2021,73.375,73.503,73.54,73.28,,-0.12%
05-10-2021,73.46,73.283,73.497,73.267,,0.28%
05-07-2021,73.254,73.619,73.757,73.248,,-0.48%
05-06-2021,73.605,73.788,74.007,73.595,,-0.28%
05-05-2021,73.81,73.769,74.055,73.741,,0.05%
05-04-2021,73.77,73.849,73.982,73.77,,-0.07%
05-03-2021,73.82,74.26,74.335,73.82,,-0.32%
04/30/2021,74.055,74.131,74.208,73.945,,-0.06%
04/29/2021,74.1,74.21,74.295,73.957,,-0.53%
04/28/2021,74.493,74.6,74.605,74.279,,-0.13%
04/27/2021,74.59,74.798,74.843,74.513,,-0.22%
04/26/2021,74.757,74.749,74.941,74.689,,-0.23%
04/23/2021,74.93,75.131,75.134,74.76,,-0.25%
04/22/2021,75.12,75.422,75.438,74.85,,-0.42%
04/21/2021,75.439,75.371,75.579,75.293,,0.06%
04/20/2021,75.395,74.674,75.458,74.52,,0.71%
04/19/2021,74.86,74.556,75.06,74.548,,0.43%
04/16/2021,74.54,74.715,74.862,74.292,,-0.25%
04/15/2021,74.73,75.062,75.358,74.73,,-0.44%
04/14/2021,75.06,75.185,75.259,75.059,,-0.28%
04/13/2021,75.27,75.01,75.547,74.961,,0.37%
04-12-2021,74.99,74.968,75.202,74.741,,0.34%
04-09-2021,74.734,74.566,74.987,74.538,,0.21%
04-08-2021,74.577,74.435,74.899,74.186,,0.28%
04-07-2021,74.368,73.454,74.592,73.437,,1.19%
04-06-2021,73.49,73.262,73.499,73.209,,0.23%
04-05-2021,73.319,73.336,73.482,73.292,,-0.09%
04-02-2021,73.385,73.286,73.405,73.268,,0.07%
04-01-2021,73.332,73.175,73.459,73.162,,0.25%
03/31/2021,73.148,73.418,73.627,73.056,,-0.40%
03/30/2021,73.445,72.719,73.628,72.719,,0.95%
03/29/2021,72.755,72.531,72.764,72.48,,0.19%
03/26/2021,72.615,72.638,72.661,72.357,,-0.07%
03/25/2021,72.665,72.585,72.715,72.552,,0.10%
03/24/2021,72.595,72.565,72.728,72.502,,0.06%
03/23/2021,72.555,72.371,72.555,72.268,,0.24%
03/22/2021,72.38,72.45,72.536,72.312,,-0.05%
03/19/2021,72.413,72.661,72.715,72.413,,-0.39%
03/18/2021,72.7,72.342,72.729,72.324,,0.18%
03/17/2021,72.57,72.548,72.632,72.51,,0.08%
03/16/2021,72.515,72.515,72.642,72.368,,-0.03%
03/15/2021,72.535,72.661,72.789,72.38,,-0.21%
03-12-2021,72.69,72.664,72.876,72.63,,-0.01%
03-11-2021,72.7,72.757,72.802,72.58,,-0.04%
03-10-2021,72.73,72.811,73.107,72.728,,-0.06%
03-09-2021,72.776,73.329,73.394,72.776,,-0.80%
03-08-2021,73.36,73.205,73.409,72.933,,0.23%
03-05-2021,73.19,73.071,73.217,72.745,,0.62%
03-04-2021,72.739,72.886,73.113,72.599,,-0.28%
03-03-2021,72.94,73.241,73.29,72.692,,-0.44%
03-02-2021,73.26,73.388,73.513,73.26,,-0.20%
03-01-2021,73.405,73.592,73.789,73.174,,-0.72%
02/26/2021,73.937,72.963,74.072,72.949,,1.64%
02/25/2021,72.745,72.391,72.767,72.289,,0.49%
02/24/2021,72.39,72.39,72.475,72.268,,0.01%
02/23/2021,72.382,72.465,72.561,72.304,,-0.09%
02/22/2021,72.45,72.556,72.598,72.29,,-0.15%
02/19/2021,72.56,72.593,72.732,72.417,,-0.03%
02/18/2021,72.585,72.84,72.84,72.535,,-0.34%
02/17/2021,72.835,72.91,72.981,72.74,,-0.05%
02/16/2021,72.87,72.61,72.919,72.601,,0.34%
02/15/2021,72.624,72.603,72.696,72.513,,0.04%
02-12-2021,72.595,72.719,72.84,72.565,,-0.16%
02-11-2021,72.71,72.796,72.9,72.673,,-0.12%
02-10-2021,72.795,72.855,72.898,72.765,,-0.08%
02-09-2021,72.856,72.922,72.951,72.822,,-0.11%
02-08-2021,72.935,72.805,73.004,72.761,,0.16%
02-05-2021,72.815,72.989,73.034,72.77,,-0.19%
02-04-2021,72.955,72.826,72.997,72.826,,0.19%
02-03-2021,72.815,72.953,73.012,72.805,,-0.14%
02-02-2021,72.917,73.038,73.116,72.907,,-0.28%
02-01-2021,73.12,72.908,73.2,72.815,,0.29%
01/29/2021,72.906,72.935,73.06,72.829,,-0.05%
01/28/2021,72.944,73.033,73.193,72.889,,-0.17%
01/27/2021,73.07,72.904,73.092,72.79,,0.21%
01/26/2021,72.915,72.943,73.138,72.838,,-0.08%
01/25/2021,72.97,72.958,73.016,72.877,,-0.02%
01/22/2021,72.985,72.955,73.105,72.915,,0.02%
01/21/2021,72.97,72.924,73.056,72.9,,0.08%
01/20/2021,72.915,73.195,73.195,72.883,,-0.38%
01/19/2021,73.192,73.162,73.306,73.104,,0.01%
01/18/2021,73.188,73.128,73.327,73.128,,0.08%
01/15/2021,73.13,73.097,73.213,72.995,,0.07%
01/14/2021,73.08,73.143,73.24,72.922,,-0.12%
01/13/2021,73.17,73.175,73.238,73.065,,-0.08%
01-12-2021,73.225,73.497,73.497,73.195,,-0.34%
01-11-2021,73.474,73.439,73.6,73.367,,0.18%
01-08-2021,73.34,73.44,73.495,73.204,,-0.12%
01-07-2021,73.43,73.169,73.475,73.065,,0.40%
01-06-2021,73.136,73.184,73.234,73.055,,0.01%
01-05-2021,73.13,73.065,73.291,72.987,,0.07%
01-04-2021,73.08,73.089,73.125,72.827,,-0.06%
01-01-2021,73.125,73.1,73.13,73.025,,0.10%
12/31/2020,73.054,73.208,73.232,72.955,,-0.12%
12/30/2020,73.144,73.358,73.413,73.135,,-0.36%
12/29/2020,73.405,73.555,73.555,73.31,,-0.19%
12/28/2020,73.548,73.558,73.609,73.454,,-0.01%
12/25/2020,73.558,73.558,73.558,73.558,,0.00%
12/24/2020,73.555,73.805,73.845,73.517,,-0.30%
12/23/2020,73.78,73.91,73.91,73.66,,-0.10%
12/22/2020,73.854,73.938,73.948,73.802,,-0.24%
12/21/2020,74.028,73.575,74.105,73.575,,0.62%
12/18/2020,73.575,73.525,73.582,73.475,,0.07%
12/17/2020,73.525,73.585,73.627,73.367,,-0.16%
12/16/2020,73.64,73.527,73.66,73.457,,0.11%
12/15/2020,73.558,73.666,73.674,73.537,,-0.11%
12/14/2020,73.64,73.746,73.746,73.45,,-0.13%
12-11-2020,73.738,73.712,73.809,73.526,,-0.01%
12-10-2020,73.745,73.725,73.777,73.625,,0.02%
12-09-2020,73.73,73.697,73.73,73.52,,0.01%
12-08-2020,73.725,73.813,73.841,73.505,,-0.07%
12-07-2020,73.779,73.821,73.993,73.698,,0.00%
12-04-2020,73.776,73.878,73.878,73.661,,-0.13%
12-03-2020,73.87,73.685,73.982,73.67,,0.14%
12-02-2020,73.77,73.49,73.84,73.402,,0.37%
12-01-2020,73.5,74.023,74.023,73.458,,-0.68%
11/30/2020,74,73.943,74.02,73.87,,0.09%
11/27/2020,73.935,73.834,74.113,73.724,,0.13%
11/26/2020,73.837,73.776,73.906,73.714,,0.07%
11/25/2020,73.789,73.965,74.02,73.743,,-0.39%
11/24/2020,74.079,74.244,74.244,73.861,,-0.24%
11/23/2020,74.26,74.128,74.279,74.005,,0.19%
11/20/2020,74.12,74.15,74.213,74.062,,0.01%
11/19/2020,74.11,74.3,74.348,74.096,,-0.01%
11/18/2020,74.12,74.47,74.53,74.066,,-0.48%
11/17/2020,74.48,74.34,74.64,74.34,,0.13%
11/16/2020,74.38,74.598,74.598,74.38,,-0.27%
11/13/2020,74.582,74.656,74.724,74.472,,-0.14%
11-12-2020,74.685,74.415,74.754,74.35,,0.30%
11-11-2020,74.462,74.172,74.543,74.172,,0.23%
11-10-2020,74.29,73.94,74.483,73.93,,0.34%
11-09-2020,74.035,73.979,74.175,73.634,,0.08%
11-06-2020,73.976,74.012,74.27,73.842,,0.07%
11-05-2020,73.925,74.31,74.42,73.925,,-0.60%
11-04-2020,74.368,74.586,74.998,74.325,,-0.34%
11-03-2020,74.625,74.427,74.631,74.254,,0.15%
11-02-2020,74.51,74.575,74.575,74.265,,-0.08%
10/30/2020,74.567,74.308,74.716,74.243,,0.25%
10/29/2020,74.38,74.227,74.533,73.937,,0.26%
10/28/2020,74.19,73.729,74.279,73.647,,0.77%
10/27/2020,73.624,73.929,74,73.595,,-0.47%
10/26/2020,73.97,73.85,74.123,73.697,,0.17%
10/23/2020,73.842,73.653,73.899,73.476,,0.23%
10/22/2020,73.67,73.66,73.807,73.52,,0.10%
10/21/2020,73.6,73.435,73.771,73.357,,0.20%
10/20/2020,73.45,73.325,73.564,73.29,,0.12%
10/19/2020,73.36,73.452,73.452,73.281,,-0.11%
10/16/2020,73.444,73.384,73.444,73.249,,0.01%
10/15/2020,73.435,73.305,73.533,73.209,,0.25%
10/14/2020,73.255,73.405,73.475,73.189,,-0.21%
10/13/2020,73.41,73.359,73.483,73.247,,0.06%
10-12-2020,73.364,73.014,73.419,73.014,,0.47%
10-09-2020,73.02,73.15,73.265,72.966,,-0.38%
10-08-2020,73.3,73.33,73.376,73.179,,-0.05%
10-07-2020,73.335,73.485,73.61,73.245,,-0.14%
10-06-2020,73.441,73.097,73.522,73.097,,0.44%
10-05-2020,73.117,73.3,73.486,73.067,,-0.24%
10-02-2020,73.295,73.242,73.453,73.242,,0.11%
10-01-2020,73.218,73.614,73.63,73.023,,-0.48%
09/30/2020,73.57,73.822,73.87,73.531,,-0.26%
09/29/2020,73.76,73.79,73.92,73.717,,-0.01%
09/28/2020,73.765,73.698,73.865,73.54,,0.11%
09/25/2020,73.685,73.735,73.785,73.571,,-0.30%
09/24/2020,73.91,73.84,74.057,73.77,,0.45%
09/23/2020,73.58,73.511,73.64,73.424,,0.08%
09/22/2020,73.52,73.58,73.65,73.39,,-0.08%
09/21/2020,73.58,73.543,73.64,73.265,,0.05%
09/18/2020,73.54,73.471,73.607,73.143,,-0.10%
09/17/2020,73.61,73.705,73.79,73.59,,0.09%
09/16/2020,73.545,73.585,73.788,73.475,,-0.09%
09/15/2020,73.61,73.4,73.74,73.31,,0.31%
09/14/2020,73.385,73.493,73.615,73.275,,-0.07%
09-11-2020,73.44,73.53,73.62,73.41,,0.00%
09-10-2020,73.44,73.453,73.508,73.16,,0.18%
09-09-2020,73.31,73.795,73.825,73.31,,-0.60%
09-08-2020,73.75,73.63,73.976,73.39,,0.41%
09-07-2020,73.447,73.292,73.49,73.028,,0.21%
09-04-2020,73.291,73.462,73.492,72.996,,-0.14%
09-03-2020,73.391,73.202,73.554,73.151,,0.17%
09-02-2020,73.269,73.137,73.302,72.892,,0.36%
09-01-2020,73.004,73.212,73.221,72.751,,-0.35%
08/31/2020,73.257,73.115,73.703,73.043,,0.19%
08/28/2020,73.115,73.816,73.876,73.115,,-1.07%
08/27/2020,73.904,74.29,74.375,73.78,,-0.43%
08/26/2020,74.222,74.205,74.463,74.183,,0.00%
08/25/2020,74.223,74.112,74.535,74.082,,0.07%
08/24/2020,74.169,74.922,74.922,73.949,,-1.01%
08/21/2020,74.922,74.962,74.992,74.816,,-0.12%
08/20/2020,75.013,74.966,75.131,74.931,,0.22%
08/19/2020,74.847,74.642,74.931,74.612,,0.36%
08/18/2020,74.575,74.735,74.888,74.575,,-0.23%
08/17/2020,74.744,74.875,74.911,74.715,,-0.21%
08/14/2020,74.903,74.899,74.994,74.754,,0.12%
08/13/2020,74.812,74.751,74.931,74.751,,0.02%
08-12-2020,74.795,74.605,74.935,74.605,,0.23%
08-11-2020,74.62,74.84,74.875,74.531,,-0.34%
08-10-2020,74.875,75.028,75.028,74.86,,-0.20%
08-07-2020,75.025,75.078,75.111,74.897,,0.17%
08-06-2020,74.9,74.86,75.014,74.785,,0.14%
08-05-2020,74.798,74.971,75.012,74.747,,-0.35%
08-04-2020,75.061,75.161,75.202,74.955,,-0.16%
08-03-2020,75.185,74.921,75.312,74.845,,0.36%
07/31/2020,74.918,74.747,74.921,74.682,,0.06%
07/30/2020,74.876,74.811,74.954,74.786,,-0.10%
07/29/2020,74.948,74.885,74.949,74.69,,0.05%
07/28/2020,74.909,74.762,74.939,74.707,,0.15%
07/27/2020,74.8,74.768,74.91,74.67,,0.05%
07/24/2020,74.76,74.9,74.99,74.694,,-0.07%
07/23/2020,74.815,74.605,74.964,74.595,,0.27%
07/22/2020,74.61,74.535,74.875,74.51,,0.09%
07/21/2020,74.54,74.71,74.88,74.52,,-0.28%
07/20/2020,74.75,74.906,75.035,74.74,,-0.20%
07/17/2020,74.898,75.194,75.258,74.898,,-0.38%
07/16/2020,75.18,75.11,75.3,75.11,,0.07%
07/15/2020,75.125,75.305,75.366,75.044,,-0.37%
07/14/2020,75.406,75.279,75.558,75.279,,0.26%
07/13/2020,75.212,75.218,75.248,75.105,,0.02%
07-10-2020,75.195,75.165,75.333,75.144,,0.05%
07-09-2020,75.155,74.924,75.155,74.909,,0.28%
07-08-2020,74.945,74.838,75.073,74.82,,0.18%
07-07-2020,74.81,74.645,74.979,74.635,,0.23%
07-06-2020,74.635,74.639,74.83,74.485,,0.00%
07-03-2020,74.636,74.597,75.027,74.567,,-0.15%
07-02-2020,74.75,75.46,75.54,74.646,,-0.98%
07-01-2020,75.49,75.51,75.629,75.466,,-0.07%
06/30/2020,75.545,75.523,75.628,75.425,,0.05%
06/29/2020,75.51,75.628,75.66,75.458,,-0.15%
06/26/2020,75.62,75.58,75.688,75.435,,0.04%
06/25/2020,75.587,75.717,75.782,75.503,,-0.10%
06/24/2020,75.665,75.486,75.78,75.486,,0.21%
06/23/2020,75.503,75.802,75.916,75.455,,-0.38%
06/22/2020,75.79,76.268,76.303,75.723,,-0.62%
06/19/2020,76.26,76.349,76.373,76.093,,-0.18%
06/18/2020,76.4,76.263,76.4,76.046,,0.14%
06/17/2020,76.29,76.268,76.37,76.082,,0.05%
06/16/2020,76.25,75.865,76.311,75.78,,0.36%
06/15/2020,75.979,76.073,76.19,75.936,,-0.09%
06-12-2020,76.05,75.992,76.26,75.772,,0.10%
06-11-2020,75.971,75.672,75.971,75.579,,0.44%
06-10-2020,75.635,75.532,75.676,75.419,,0.17%
06-09-2020,75.505,75.458,75.702,75.423,,0.14%
06-08-2020,75.4,75.578,75.685,75.4,,-0.21%
06-05-2020,75.56,75.432,75.725,75.325,,0.13%
06-04-2020,75.459,75.373,75.66,75.355,,0.18%
06-03-2020,75.325,75.063,75.555,75.02,,0.30%
06-02-2020,75.1,75.553,75.628,74.97,,-0.54%
06-01-2020,75.505,75.473,75.773,75.275,,-0.13%
05/29/2020,75.605,75.705,75.755,75.448,,-0.07%
05/28/2020,75.66,75.812,75.91,75.632,,-0.34%
05/27/2020,75.92,75.565,75.988,75.538,,0.61%
05/26/2020,75.459,75.868,75.88,75.412,,-0.56%
05/25/2020,75.887,75.951,76.11,75.855,,-0.08%
05/22/2020,75.95,75.663,76.018,75.633,,0.44%
05/21/2020,75.62,75.54,75.833,75.386,,0.09%
05/20/2020,75.555,75.705,75.865,75.453,,-0.12%
05/19/2020,75.645,75.605,75.795,75.552,,-0.07%
05/18/2020,75.7,75.838,76.07,75.639,,-0.17%
05/15/2020,75.83,75.521,75.95,75.416,,0.44%
05/14/2020,75.495,75.454,75.712,75.335,,0.17%
05/13/2020,75.365,75.278,75.51,75.045,,0.40%
05-12-2020,75.062,75.971,75.993,75.049,,-1.09%
05-11-2020,75.888,75.561,75.948,75.476,,0.47%
05-08-2020,75.535,75.611,75.665,75.285,,-0.34%
05-07-2020,75.794,76.099,76.152,75.78,,-0.41%
05-06-2020,76.105,75.828,76.111,75.653,,0.52%
05-05-2020,75.71,75.65,75.87,75.489,,0.09%
05-04-2020,75.64,75.758,75.82,75.581,,-0.14%
05-01-2020,75.749,75.32,75.805,75.294,,0.89%
04/30/2020,75.08,75.405,75.43,74.91,,-0.50%
04/29/2020,75.455,76.063,76.11,75.455,,-0.80%
04/28/2020,76.065,76.127,76.45,75.815,,-0.22%
04/27/2020,76.229,76.27,76.347,76.019,,-0.05%
04/24/2020,76.27,75.825,76.488,75.825,,0.49%
04/23/2020,75.895,76.468,76.468,75.826,,-0.67%
04/22/2020,76.41,76.938,77.018,76.41,,-0.73%
04/21/2020,76.975,76.585,77.006,76.585,,0.52%
04/20/2020,76.575,76.553,76.68,76.283,,0.03%
04/17/2020,76.55,76.829,76.829,76.238,,-0.33%
04/16/2020,76.805,76.638,76.927,76.563,,0.31%
04/15/2020,76.564,76.038,76.654,75.936,,0.72%
04/14/2020,76.015,76.321,76.376,76.015,,-0.31%
04/13/2020,76.249,75.881,76.449,75.881,,0.49%
04-10-2020,75.879,75.903,75.937,75.849,,-0.55%
04-09-2020,76.3,76.103,76.555,76.019,,0.47%
04-08-2020,75.945,75.638,76.405,75.638,,0.40%
04-07-2020,75.645,75.988,76.008,75.543,,-0.43%
04-06-2020,75.975,76.253,76.268,75.902,,-0.35%
04-03-2020,76.24,75.954,76.304,75.764,,-0.21%
04-02-2020,76.4,76.387,76.431,76.346,,-0.01%
04-01-2020,76.404,75.315,76.422,75.315,,1.41%
03/31/2020,75.343,75.53,75.685,75.28,,-0.09%
03/30/2020,75.41,75.14,75.67,75.093,,-0.08%
03/27/2020,75.472,74.603,75.528,74.353,,0.78%
03/26/2020,74.889,75.864,75.954,74.889,,-1.95%
03/25/2020,76.375,76.375,76.375,76.375,,-0.01%
03/24/2020,76.379,76.079,76.386,75.95,,0.06%
03/23/2020,76.335,75.38,76.335,75.38,,1.24%
03/20/2020,75.399,74.804,75.399,74.704,,0.82%
03/19/2020,74.786,74.855,75.311,74.667,,0.32%
03/18/2020,74.55,73.974,74.55,73.924,,0.66%
03/17/2020,74.062,74.072,74.315,73.858,,0.08%
03/16/2020,74.003,74.006,74.359,73.999,,0.22%
03/13/2020,73.84,74.561,74.561,73.732,,-0.99%
03-12-2020,74.576,74.134,74.579,74.074,,1.21%
03-11-2020,73.682,73.792,74.015,73.532,,-0.63%
03-10-2020,74.15,74.248,74.248,74.15,,-0.06%
03-09-2020,74.196,73.975,74.254,73.85,,0.26%
03-06-2020,74.004,73.873,74.073,73.529,,0.68%
03-05-2020,73.506,73.518,73.565,73.044,,-0.05%
03-04-2020,73.54,73.06,73.64,72.91,,0.67%
03-03-2020,73.05,72.48,73.397,72.44,,0.23%
03-02-2020,72.882,72.52,72.954,72.028,,0.47%
02/28/2020,72.539,71.755,72.574,71.755,,1.23%
02/27/2020,71.655,71.645,71.704,71.545,,0.10%
02/26/2020,71.58,71.833,71.873,71.532,,-0.33%
02/25/2020,71.82,71.87,71.92,71.611,,-0.16%
02/24/2020,71.935,71.915,72.015,71.775,,0.08%
02/21/2020,71.88,71.665,72.056,71.665,,0.28%
02/20/2020,71.68,71.735,71.82,71.53,,0.11%
02/19/2020,71.6,71.573,71.6,71.452,,0.02%
02/18/2020,71.585,71.415,71.611,71.375,,0.34%
02/17/2020,71.34,71.43,71.507,71.26,,-0.26%
02/14/2020,71.529,71.294,71.597,71.272,,0.28%
02/13/2020,71.33,71.36,71.511,71.254,,0.03%
02-12-2020,71.306,71.211,71.391,71.211,,0.03%
02-11-2020,71.285,71.235,71.33,71.179,,-0.01%
02-10-2020,71.29,71.4,71.457,71.285,,-0.31%
02-07-2020,71.515,71.26,71.538,71.213,,0.41%
02-06-2020,71.225,71.181,71.3,71.107,,0.05%
02-05-2020,71.19,71.11,71.3,71.11,,0.11%
02-04-2020,71.115,71.215,71.298,71.09,,-0.29%
02-03-2020,71.324,71.523,71.653,71.268,,-0.32%
01/31/2020,71.555,71.575,71.578,71.294,,0.01%
01/30/2020,71.55,71.42,71.66,71.39,,0.34%
01/29/2020,71.31,71.24,71.411,71.165,,0.15%
01/28/2020,71.2,71.432,71.432,71.2,,-0.35%
01/27/2020,71.45,71.475,71.52,71.373,,0.17%
01/24/2020,71.33,71.34,71.371,71.22,,-0.10%
01/23/2020,71.4,71.19,71.465,71.169,,0.45%
01/22/2020,71.08,71.18,71.265,71.076,,-0.13%
01/21/2020,71.17,71.19,71.25,71.121,,0.18%
01/20/2020,71.04,71.07,71.16,71.01,,-0.05%
01/17/2020,71.079,70.953,71.099,70.933,,0.14%
01/16/2020,70.978,70.775,71.007,70.775,,0.36%
01/15/2020,70.72,71,71.023,70.682,,-0.18%
01/14/2020,70.85,70.72,70.975,70.72,,0.20%
01/13/2020,70.71,70.805,70.945,70.71,,-0.35%
01-10-2020,70.96,71.24,71.26,70.848,,-0.35%
01-09-2020,71.21,71.51,71.544,71.134,,-0.42%
01-08-2020,71.51,71.954,72.114,71.466,,-0.47%
01-07-2020,71.845,71.765,71.923,71.67,,-0.03%
01-06-2020,71.867,72.011,72.123,71.834,,0.14%
01-03-2020,71.77,71.61,71.844,71.52,,0.59%
01-02-2020,71.35,71.235,71.408,71.235,,0.17%
01-01-2020,71.227,71.365,71.377,71.225,,-0.18%
12/31/2019,71.355,71.275,71.385,71.225,,0.05%
12/30/2019,71.32,71.34,71.427,71.29,,-0.19%
12/27/2019,71.455,71.305,71.505,71.185,,0.22%
12/26/2019,71.3,71.26,71.352,71.23,,0.03%
12/25/2019,71.28,71.28,71.28,71.28,,0.00%
12/24/2019,71.28,71.21,71.317,71.153,,0.08%
12/23/2019,71.22,71.113,71.3,71.11,,0.23%
12/20/2019,71.06,71.13,71.256,71.045,,-0.17%
12/19/2019,71.18,70.993,71.214,70.88,,0.25%
12/18/2019,71,71.01,71.125,70.924,,-0.05%
12/17/2019,71.035,70.955,71.065,70.832,,0.17%
12/16/2019,70.915,70.755,71.05,70.755,,0.17%
12/13/2019,70.798,70.553,70.883,70.503,,0.32%
12-12-2019,70.57,70.67,70.91,70.531,,-0.20%
12-11-2019,70.71,70.823,70.942,70.71,,-0.14%
12-10-2019,70.81,70.962,71.042,70.808,,-0.23%
12-09-2019,70.97,71.3,71.3,70.97,,-0.44%
12-06-2019,71.283,71.245,71.446,71.174,,0.04%
12-05-2019,71.252,71.505,71.678,71.18,,-0.31%
12-04-2019,71.474,71.803,71.823,71.452,,-0.37%
12-03-2019,71.74,71.63,71.816,71.532,,0.15%
12-02-2019,71.634,71.795,71.825,71.603,,-0.16%
11/29/2019,71.749,71.613,71.872,71.603,,0.34%
11/28/2019,71.505,71.245,71.665,71.235,,0.34%
11/27/2019,71.26,71.45,71.493,71.233,,-0.31%
11/26/2019,71.48,71.684,71.69,71.48,,-0.29%
11/25/2019,71.689,71.695,71.763,71.61,,-0.14%
11/22/2019,71.792,71.756,71.876,71.662,,0.06%
11/21/2019,71.75,71.79,71.905,71.717,,0.01%
11/20/2019,71.746,71.833,71.916,71.643,,-0.12%
11/19/2019,71.83,71.92,72.015,71.605,,-0.16%
11/18/2019,71.945,71.665,71.945,71.565,,0.41%
11/15/2019,71.65,71.8,71.878,71.594,,-0.44%
11/14/2019,71.966,72.082,72.252,71.857,,-0.26%
11/13/2019,72.15,71.76,72.15,71.657,,0.50%
11-12-2019,71.79,71.582,71.79,71.544,,0.31%
11-11-2019,71.57,71.37,71.61,71.29,,0.29%
11-08-2019,71.36,71.28,71.364,71.165,,0.44%
11-07-2019,71.047,71.018,71.118,70.886,,0.05%
11-06-2019,71.01,70.769,71.036,70.769,,0.33%
11-05-2019,70.775,70.804,70.855,70.625,,-0.02%
11-04-2019,70.789,70.552,70.802,70.552,,0.04%
11-01-2019,70.76,70.972,70.989,70.76,,-0.31%
10/31/2019,70.98,70.762,71.065,70.724,,0.04%
10/30/2019,70.952,70.871,71.026,70.839,,0.09%
10/29/2019,70.89,70.75,70.92,70.69,,0.20%
10/28/2019,70.745,70.822,70.842,70.684,,-0.11%
10/25/2019,70.82,71.045,71.073,70.782,,-0.20%
10/24/2019,70.965,70.715,71.085,70.715,,0.34%
10/23/2019,70.725,71.005,71.033,70.725,,-0.12%
10/22/2019,70.81,70.911,71.006,70.81,,-0.16%
10/21/2019,70.925,71.075,71.075,70.778,,-0.23%
10/18/2019,71.09,71.2,71.32,71.04,,-0.06%
10/17/2019,71.13,71.362,71.475,71.096,,-0.33%
10/16/2019,71.364,71.562,71.732,71.348,,-0.19%
10/15/2019,71.5,71.248,71.605,71.22,,0.37%
10/14/2019,71.237,70.893,71.25,70.74,,0.44%
10-11-2019,70.924,70.816,71.091,70.799,,-0.09%
10-10-2019,70.99,70.96,71.165,70.96,,-0.18%
10-09-2019,71.12,71.18,71.23,70.945,,-0.14%
10-08-2019,71.22,70.996,71.233,70.933,,0.35%
10-07-2019,70.975,70.959,71.105,70.913,,0.21%
10-04-2019,70.825,70.81,71.04,70.765,,-0.29%
10-03-2019,71.03,71.21,71.37,70.865,,-0.17%
10-02-2019,71.15,71.117,71.368,71.1,,0.06%
10-01-2019,71.11,70.655,71.17,70.655,,0.66%
09/30/2019,70.645,70.425,70.885,70.358,,0.19%
09/27/2019,70.509,70.951,70.98,70.364,,-0.64%
09/26/2019,70.964,71.035,71.036,70.837,,-0.03%
09/25/2019,70.988,70.976,71.154,70.947,,0.02%
09/24/2019,70.971,70.796,71.066,70.736,,0.24%
09/23/2019,70.799,71.023,71.053,70.779,,-0.39%
09/20/2019,71.075,71.205,71.205,70.685,,-0.42%
09/19/2019,71.375,71.345,71.385,71.05,,0.32%
09/18/2019,71.145,71.515,71.53,71.145,,-0.48%
09/17/2019,71.49,71.827,71.989,71.366,,-0.13%
09/16/2019,71.58,71.69,71.69,71.41,,0.84%
09/13/2019,70.985,70.972,71.16,70.847,,0.03%
09-12-2019,70.967,71.588,71.588,70.917,,-0.85%
09-11-2019,71.577,71.877,71.898,71.514,,-0.41%
09-10-2019,71.875,71.755,72.002,71.739,,0.14%
09-09-2019,71.778,71.728,71.788,71.504,,0.19%
09-06-2019,71.645,71.887,71.928,71.605,,-0.39%
09-05-2019,71.928,71.986,72.011,71.797,,-0.08%
09-04-2019,71.989,72.2,72.315,71.944,,-0.25%
09-03-2019,72.17,71.96,72.413,71.96,,0.28%
09-02-2019,71.969,71.467,72.003,71.467,,0.72%
08/30/2019,71.453,71.772,71.817,71.357,,-0.33%
08/29/2019,71.69,71.913,72.1,71.624,,-0.19%
08/28/2019,71.829,71.564,71.904,71.492,,0.40%
08/27/2019,71.543,72.03,72.03,71.383,,-0.67%
08/26/2019,72.025,71.92,72.26,71.863,,0.72%
08/23/2019,71.513,71.96,72.061,71.513,,-0.58%
08/22/2019,71.93,71.6,72.004,71.6,,0.69%
08/21/2019,71.44,71.562,71.623,71.353,,-0.15%
08/20/2019,71.549,71.523,71.827,71.523,,0.14%
08/19/2019,71.451,71.213,71.5,71.063,,0.42%
08/16/2019,71.155,71.365,71.492,71.045,,-0.91%
08/15/2019,71.81,71.507,71.829,71.309,,0.75%
08/14/2019,71.275,70.995,71.365,70.845,,-0.20%
08/13/2019,71.418,71.132,71.493,71.032,,0.19%
08-12-2019,71.283,71.014,71.367,70.993,,0.51%
08-09-2019,70.924,70.443,70.924,70.443,,0.72%
08-08-2019,70.42,71.17,71.17,70.42,,-1.02%
08-07-2019,71.145,70.965,71.195,70.604,,0.15%
08-06-2019,71.04,70.81,71.04,70.47,,0.31%
08-05-2019,70.821,70.117,70.839,70.117,,1.61%
08-02-2019,69.7,69.23,69.7,69.21,,0.99%
08-01-2019,69.017,69.267,69.267,69.002,,0.21%
07/31/2019,68.875,68.853,68.96,68.761,,0.02%
07/30/2019,68.862,68.766,68.903,68.663,,0.16%
07/29/2019,68.755,68.9,68.965,68.705,,-0.18%
07/26/2019,68.88,69.151,69.151,68.816,,-0.23%
07/25/2019,69.041,68.992,69.078,68.885,,0.09%
07/24/2019,68.98,69.02,69.109,68.921,,-0.08%
07/23/2019,69.033,68.944,69.059,68.903,,0.15%
07/22/2019,68.93,68.955,69.07,68.88,,0.10%
07/19/2019,68.86,68.81,68.955,68.722,,0.01%
07/18/2019,68.855,68.773,69.005,68.718,,0.01%
07/17/2019,68.846,68.688,68.904,68.64,,0.29%
07/16/2019,68.65,68.54,68.77,68.521,,0.15%
07/15/2019,68.545,68.535,68.615,68.477,,-0.02%
07-12-2019,68.56,68.46,68.695,68.433,,0.22%
07-11-2019,68.41,68.414,68.495,68.28,,-0.01%
07-10-2019,68.419,68.62,68.695,68.318,,-0.21%
07-09-2019,68.565,68.665,68.858,68.513,,0.00%
07-08-2019,68.566,68.582,68.767,68.497,,0.17%
07-05-2019,68.45,68.539,68.785,68.385,,-0.11%
07-04-2019,68.527,68.817,68.914,68.489,,-0.40%
07-03-2019,68.8,68.885,68.963,68.795,,-0.13%
07-02-2019,68.89,68.924,69.075,68.87,,0.01%
07-01-2019,68.885,68.944,69.09,68.83,,-0.09%
06/28/2019,68.95,69.048,69.125,68.866,,-0.20%
06/27/2019,69.088,69.21,69.353,69.03,,-0.23%
06/26/2019,69.245,69.32,69.518,69.11,,-0.13%
06/25/2019,69.334,69.266,69.439,69.238,,0.09%
06/24/2019,69.273,69.629,69.63,69.264,,-0.49%
06/21/2019,69.615,69.755,69.76,69.504,,0.14%
06/20/2019,69.52,69.49,69.675,69.334,,-0.19%
06/19/2019,69.65,69.55,69.808,69.5,,0.06%
06/18/2019,69.61,69.868,69.891,69.609,,-0.34%
06/17/2019,69.85,69.81,69.982,69.74,,0.02%
06/14/2019,69.833,69.566,69.865,69.53,,0.44%
06/13/2019,69.53,69.379,69.58,69.314,,0.22%
06-12-2019,69.375,69.414,69.455,69.257,,-0.01%
06-11-2019,69.385,69.534,69.534,69.342,,-0.22%
06-10-2019,69.535,69.375,69.685,69.375,,0.26%
06-07-2019,69.355,69.146,69.551,69.114,,0.27%
06-06-2019,69.165,69.405,69.46,69.165,,-0.32%
06-05-2019,69.385,69.334,69.423,69.178,,0.14%
06-04-2019,69.291,69.068,69.343,69.033,,0.17%
06-03-2019,69.171,69.618,69.622,69.128,,-0.59%
05/31/2019,69.58,69.839,69.927,69.58,,-0.35%
05/30/2019,69.825,69.835,69.935,69.703,,-0.03%
05/29/2019,69.845,69.587,70.003,69.579,,0.34%
05/28/2019,69.61,69.516,69.755,69.516,,0.15%
05/27/2019,69.504,69.412,69.633,69.362,,0.18%
05/24/2019,69.38,69.699,69.811,69.377,,-0.41%
05/23/2019,69.665,69.666,70.065,69.375,,0.02%
05/22/2019,69.65,69.668,69.811,69.614,,0.01%
05/21/2019,69.645,69.817,69.825,69.62,,0.05%
05/20/2019,69.609,69.405,69.778,69.373,,-0.95%
05/17/2019,70.28,70.22,70.288,70.067,,0.21%
05/16/2019,70.13,70.219,70.342,69.966,,-0.17%
05/15/2019,70.249,70.322,70.442,70.174,,-0.12%
05/14/2019,70.332,70.596,70.616,70.252,,-0.34%
05/13/2019,70.57,70.015,70.651,69.984,,0.79%
05-10-2019,70.015,70.091,70.114,69.756,,-0.26%
05-09-2019,70.2,69.719,70.276,69.719,,0.69%
05-08-2019,69.72,69.596,69.751,69.448,,0.11%
05-07-2019,69.645,69.421,69.646,69.285,,0.38%
05-06-2019,69.38,69.31,69.485,69.31,,0.41%
05-03-2019,69.095,69.436,69.441,69.095,,-0.45%
05-02-2019,69.41,69.62,69.634,69.32,,-0.19%
05-01-2019,69.545,69.601,69.603,69.466,,-0.15%
04/30/2019,69.647,69.831,69.913,69.536,,-0.24%
04/29/2019,69.817,69.879,69.895,69.797,,-0.05%
04/26/2019,69.85,70.173,70.247,69.81,,-0.46%
04/25/2019,70.17,70.01,70.335,69.92,,0.30%
04/24/2019,69.96,69.779,70,69.762,,0.27%
04/23/2019,69.77,69.63,69.84,69.54,,0.10%
04/22/2019,69.7,69.366,69.906,69.366,,0.42%
04/19/2019,69.407,69.416,69.429,69.355,,0.02%
04/18/2019,69.395,69.417,69.619,69.33,,-0.05%
04/17/2019,69.431,69.547,69.57,69.362,,-0.14%
04/16/2019,69.53,69.422,69.69,69.422,,0.19%
04/15/2019,69.395,69.174,69.483,69.045,,0.30%
04-12-2019,69.19,69.03,69.39,69.03,,0.25%
04-11-2019,69.02,69.164,69.222,68.837,,-0.19%
04-10-2019,69.15,69.258,69.366,69.09,,-0.19%
04-09-2019,69.28,69.538,69.74,69.248,,-0.40%
04-08-2019,69.555,69.335,69.72,69.335,,0.56%
04-05-2019,69.17,68.992,69.338,68.986,,0.28%
04-04-2019,68.98,68.54,69.22,68.52,,0.77%
04-03-2019,68.45,68.73,68.835,68.39,,-0.68%
04-02-2019,68.92,69.28,69.39,68.72,,-0.41%
04-01-2019,69.205,69.356,69.424,69.185,,0.03%
03/29/2019,69.185,69.178,69.32,69.042,,-0.01%
03/28/2019,69.19,69.124,69.38,68.95,,0.13%
03/27/2019,69.1,69.039,69.187,68.78,,0.15%
03/26/2019,68.996,68.931,69.017,68.779,,0.15%
03/25/2019,68.89,69.159,69.176,68.795,,-0.40%
03/22/2019,69.17,68.65,69.17,68.54,,0.52%
03/21/2019,68.81,68.565,68.81,68.51,,0.03%
03/20/2019,68.79,69.027,69.176,68.731,,-0.33%
03/19/2019,69.015,68.619,69.067,68.35,,0.57%
03/18/2019,68.625,68.959,68.959,68.431,,-0.49%
03/15/2019,68.963,69.357,69.372,68.935,,-0.58%
03/14/2019,69.365,69.525,69.755,69.255,,-0.24%
03/13/2019,69.529,69.607,69.794,69.419,,-0.14%
03-12-2019,69.625,69.821,69.821,69.491,,-0.32%
03-11-2019,69.85,70.028,70.041,69.808,,-0.23%
03-08-2019,70.012,70.111,70.245,69.827,,-0.15%
03-07-2019,70.116,70.151,70.152,69.95,,0.05%
03-06-2019,70.08,70.479,70.692,70.022,,-0.58%
03-05-2019,70.49,70.963,70.975,70.448,,-0.59%
03-04-2019,70.91,70.815,70.923,70.8,,-0.13%
03-01-2019,71,70.811,71,70.715,,0.23%
02/28/2019,70.84,71.231,71.271,70.713,,-0.51%
02/27/2019,71.2,71.01,71.491,70.929,,0.34%
02/26/2019,70.96,70.829,71.346,70.809,,0.18%
02/25/2019,70.834,71.034,71.102,70.827,,-0.28%
02/22/2019,71.035,71.195,71.265,71.035,,-0.18%
02/21/2019,71.165,71.061,71.28,70.925,,0.22%
02/20/2019,71.01,71.32,71.344,70.933,,-0.41%
02/19/2019,71.3,71.351,71.602,71.251,,-0.12%
02/18/2019,71.387,71.335,71.537,71.326,,0.08%
02/15/2019,71.33,71.028,71.464,71.028,,0.44%
02/14/2019,71.02,70.869,71.233,70.8,,0.20%
02/13/2019,70.875,70.541,70.88,70.397,,0.48%
02-12-2019,70.535,71.254,71.254,70.515,,-0.85%
02-11-2019,71.14,71.24,71.301,71.038,,-0.05%
02-08-2019,71.175,71.395,71.434,71.015,,-0.18%
02-07-2019,71.3,71.639,71.769,71.271,,-0.35%
02-06-2019,71.55,71.52,71.683,71.492,,0.03%
02-05-2019,71.53,71.714,71.812,71.528,,-0.25%
02-04-2019,71.71,71.469,71.845,71.462,,0.38%
02-01-2019,71.435,71.115,71.485,70.952,,0.67%
01/31/2019,70.96,70.959,71.215,70.865,,-0.39%
01/30/2019,71.235,71.423,71.423,71.123,,-0.22%
01/29/2019,71.39,71.085,71.461,71.026,,0.45%
01/28/2019,71.07,70.92,71.196,70.915,,0.24%
01/25/2019,70.9,71.04,71.25,70.89,,-0.14%
01/24/2019,71,71.147,71.315,70.955,,-0.27%
01/23/2019,71.19,71.24,71.37,71.115,,-0.10%
01/22/2019,71.26,71.197,71.466,71.165,,0.10%
01/21/2019,71.188,71.205,71.538,71.14,,-0.03%
01/18/2019,71.21,71.04,71.274,70.987,,0.23%
01/17/2019,71.05,71.146,71.416,70.972,,0.10%
01/16/2019,70.98,71.11,71.265,70.934,,-0.17%
01/15/2019,71.1,70.75,71.156,70.723,,0.48%
01/14/2019,70.76,70.4,70.95,70.36,,0.51%
01-11-2019,70.399,70.43,70.601,70.357,,-0.03%
01-10-2019,70.42,70.53,70.655,70.318,,-0.20%
01-09-2019,70.56,70.11,70.648,70.05,,0.60%
01-08-2019,70.14,69.806,70.24,69.765,,0.48%
01-07-2019,69.803,69.532,69.953,69.255,,0.36%
01-04-2019,69.55,70.115,70.145,69.55,,-0.80%
01-03-2019,70.11,70.3,70.531,70.034,,0.16%
01-02-2019,70,69.469,70.255,69.469,,0.79%
01-01-2019,69.453,69.635,69.745,69.435,,-0.17%
